ISIN,CompanyName,Country
GB00BMX64W89,Saga plc,United Kingdom
MYL1818OO003,BURSA MALAYSIA BHD,Malaysia
ZAE000079711,JSE LIMITED,South Africa
GB0007370074,RICARDO PLC,United Kingdom
AU000000ASX7,ASX LIMITED,Australia
MX01BM1B0000,BOLSA MEXICANA DE VALORES SAB DE CV,Mexico
HK0388045442,HONG KONG EXCHANGES AND CLEARING LIMITED,Hong Kong
FR0000074148,ASSYSTEM SA,France
CH0126673539,DKSH HOLDING AG,Switzerland
SE0005999836,AF POYRY AB,Sweden
AT0000908504,VIENNA INSURANCE GROUP,Austria
BRB3SAACNOR6,B3 SA BRASIL BOLSA BALCAO,Brazil
GB0030232317,PAGEGROUP PLC,United Kingdom
GB00B23K0M20,CAPITA PLC,United Kingdom
TRASAHOL91Q5,HACI OMER SABANCI HOLDING A.S.,Turkey
GRS393503008,MYTILINEOS HOLDINGS S.A.,Greece
SG1R50925390,SEMBCORP INDUSTRIES LIMITED,Singapore
TRASISEW91Q3,TURKIYE SISE VE CAM FABRIKALARI A.S.,Turkey
KR7004800009,HYOSUNG CORPORATION,South Korea
PHY0486V1154,AYALA CORPORATION,Philippines
LK0004N00008,AITKEN SPENCE & CO. LTD.,Sri Lanka
PHY0001Z1040,ABOITIZ EQUITY VENTURES INC.,Philippines
ZAE000171963,KAP INDUSTRIAL HOLDINGS LTD,South Africa
MYL2771OO003,Boustead Holdings Berhad,Malaysia
ZAE000003257,HOSKEN CONSOLIDATED INVESTMENTS LIMITED,South Africa
PHY444251177,"JG Summit Holdings, Inc.",Philippines
ZAE000026480,REMGRO LIMITED,South Africa
MX01KU000012,GRUPO KUO SAB DE CV,Mexico
KR7034730002,SK HOLDINGS CO LTD,South Korea
TW0001402006,FAR EASTERN NEW CENTURY CORPORATION,Taiwan
PHY806761029,SM INVESTMENTS CORP,Philippines
QA000A0NCQB1,AAMAL CO QPSC,Qatar
FR0000121121,EURAZEO SE,France
JP3678000005,NISSHINBO HOLDINGS INCORPORATED,Japan
ZAE000057428,REUNERT LTD,South Africa
ES0117160111,"CORPORACION FINANCIERA ALBA, S.A.",Spain
DE0007030009,RHEINMETALL AG,Germany
JP3592200004,TOSHIBA CORPORATION,Japan
KR7000150003,DOOSAN CORP,South Korea
NO0010234552,Aker ASA,Norway
AED000601016,Dubai Investments PJSC,United Arab Emirates
TW0002610003,CHINA AIRLINES LIMITED,Taiwan
IE00BYTBXV33,RYANAIR HOLDINGS PLC,Ireland
HK0293001514,CATHAY PACIFIC AIRWAYS LTD,Hong Kong
JE00BN574F90,WIZZ AIR HOLDINGS PLC,Switzerland
CL0000000423,LATAM AIRLINES GROUP SA,Chile
FR0000031122,AIR FRANCE KLM SA,France
KR7003490000,KOREAN AIR LINES COMPANY LIMITED,South Korea
PHY5369R1078,MacroAsia Corporation,Philippines
GB00BDVZYZ77,ROYAL MAIL PLC,United Kingdom
BMG524181036,KERRY LOGISTICS NETWORK LTD,Hong Kong
PTCTT0AM0001,CTT CORREIOS DE PORTUGAL SA,Portugal
SE0003366871,SAS AB,Sweden
KYG2816P1072,DONGYUE GROUP LIMITED,China
JP3625000009,TOKUYAMA CORPORATION,Japan
TW0003708004,SWANCOR HOLDING CO LTD,Taiwan
ZAE000067120,AFRICAN OXYGEN LTD,South Africa
KYG4402L1510,HENGAN INTERNATIONAL GROUP COMPANY LTD,China
JP3711600001,TAIYO NIPPON SANSO CORPORATION,Japan
DE000WCH8881,WACKER CHEMIE AG,Germany
US6031581068,MINERALS TECHNOLOGIES INC.,United States
US50077C1062,KRATON CORP,United States
DE000EVNK013,EVONIK INDUSTRIES AG,Germany
US38388F1084,W. R. GRACE & CO,United States
NO0010657505,BORREGAARD AS,Norway
ZAE000000220,AECI LIMITED,South Africa
MXP606941179,KIMBERLY-CLARK DE MEXICO S.A.B. DE C.V.,Mexico
JP3371200001,SHIN-ETSU CHEMICAL CO LIMITED,Japan
TW0001723005,CHINA STEEL CHEMICAL CORPORATION,Taiwan
US45688C1071,INGEVITY CORP,United States
JP3385980002,JSR CORPORATION,Japan
FI0009010862,SUOMINEN OYJ,Finland
JP3160670000,AIR WATER INCORPORATED,Japan
JP3337600005,SANYO CHEMICAL INDUSTRIES LIMITED,Japan
GB0009887422,SYNTHOMER PLC,United Kingdom
JP3785000005,HITACHI CHEMICAL CO LTD,Japan
JP3694400007,NIPPON KAYAKU CO LTD,Japan
TW0004716006,Daily Polymer Corp.,Taiwan
GB0009292243,VICTREX PLC,United Kingdom
BMG0750C1082,AXALTA COATING SYSTEMS LTD,United States
BRSBSPACNOR5,COMPANHIA DE SANEAMENTO BASICO DO ESTADO DE SAO PAULO SABESP,Brazil
GB00B18V8630,PENNON GROUP PLC,United Kingdom
BMG0957L1090,BEIJING ENTERPRISES WATER GROUP LIMITED,Hong Kong
CNE100000PH8,Glodon Company Limited,China
JP3802800007,"FOSTER ELECTRIC COMPANY, LIMITED",Japan
CNE1000004J3,TRAVELSKY TECHNOLOGY LTD,China
JP3359600008,SHARP CORPORATION,Japan
TW0002312006,"KINPO ELECTRONICS, INC.",Taiwan
JP3657400002,NIKON CORPORATION,Japan
INE669C01036,TECH MAHINDRA LIMITED,India
KYG525681477,KINGDEE INTERNATIONAL SOFTWARE GROUP COMPANY LIMITED,China
JP3866800000,PANASONIC CORPORATION,Japan
INE075A01022,WIPRO LIMITED,India
ZAE000071072,EOH HOLDINGS LIMITED,South Africa
INE467B01029,TATA CONSULTANCY SERVICES LTD,India
JP3818000006,FUJITSU LIMITED,Japan
TW0002371002,TATUNG COMPANY LIMITED,Taiwan
INE009A01021,INFOSYS LIMITED,India
INE018I01017,MINDTREE LIMITED,India
JP3435000009,SONY CORPORATION,Japan
US92827P1021,VIRTUSA CORPORATION,United States
KYG5264Y1089,KINGSOFT CORPORATION LIMITED,China
JP3143900003,ITOCHU TECHNO-SOLUTIONS CORPORATION,Japan
GB0022569080,AMDOCS LTD,United States
JP3209000003,CASIO COMPUTER COMPANY LIMITED,Japan
JP3165700000,NTT DATA CORPORATION,Japan
KYG2110A1114,Chinasoft International Limited,China
GB00BBG9VN75,AVEVA GROUP PLC,United Kingdom
US69370C1009,PTC Inc.,United States
LU0974299876,GLOBANT SA,Argentina
GB0009296665,VITEC GROUP PLC,United Kingdom
US8580981061,STEEL CONNECT INC,United States
US88076W1036,TERADATA CORPORATION,United States
GB0009376368,SDL PLC,United Kingdom
GB00BYZFZ918,SOPHOS GROUP PLC,United Kingdom
TW0005209001,CTCI Advanced Systems Inc.,Taiwan
AU000000LNK2,LINK ADMINISTRATION HOLDINGS LTD,Australia
US9285634021,"VMWARE, INCORPORATION.",United States
AU000000IRE2,IRESS LIMITED,Australia
GB00B01QGK86,NCC GROUP PLC,United Kingdom
TW0008201005,"Inventec Besta Co.,Ltd",Taiwan
ES0118594417,INDRA SISTEMAS,Spain
NO0004822503,ATEA ASA,Norway
ZAE000111829,Aveng Limited,South Africa
TRATRKCM91F7,TRAKYA CAM SANAYII A.S.,Turkey
JP3112000009,AGC INC,Japan
JP3686800008,NIPPON SHEET GLASS CO LTD,Japan
US6907421019,OWENS-CORNING,United States
NL0000852580,KONINKLIJKE BOSKALIS WESTMINSTER NV,Netherlands
KR7002380004,KCC CORPORATION,South Korea
AU000000CIM7,CIMIC GROUP LIMITED,Australia
KYG216771363,CHINA STATE CONSTRUCTION INTERNATIONAL HOLDINGS LIMITED,Hong Kong
FR0000121634,COLAS S.A.,France
MX01AG050009,ROTOPLAS SA DE CV,Mexico
JP3425000001,CENTRAL GLASS COMPANY LIMITED,Japan
CNE1000023C8,CHINA ENERGY ENGINEERING CORP LTD,China
FR0004188670,TARKETT SA,France
JP3100800006,AICA KOGYO COMPANY LIMITED,Japan
JP3419400001,SEKISUI CHEMICAL CO LTD,Japan
GB00BKRC5K31,POLYPIPE GROUP PLC,United Kingdom
JP3626800001,LIXIL GROUP CORPORATION,Japan
GB0004866223,KELLER GROUP PLC,United Kingdom
JP3596200000,TOTO LTD,Japan
IT0004931058,Maire Tecnimont S.p.A.,Italy
JP3481800005,DAIKIN INDUSTRIES LIMITED,Japan
AT000000STR1,STRABAG SE,Austria
INE018A01030,LARSEN & TOUBRO LIMITED,India
FI0009800643,YIT OYJ,Finland
BE0003883031,Compagnie d'Entreprises CFE SA,Belgium
JP3420200002,SEKISUI JUSHI CORPORATION,Japan
US5261071071,LENNOX INTERNATIONAL INCORPORATED,United States
KR7000720003,HYUNDAI ENGINEERING & CONSTRUCTION COMPANY LIMITED,South Korea
ES0142090317,OBRASCON HUARTE LAIN SA,Spain
NO0005806802,VEIDEKKE ASA,Norway
JP3409800004,SUMITOMO FORESTRY CO LTD,Japan
CNE100001NV2,SINOPEC ENGINEERING GROUP CO LTD,China
ES0129743318,"ELECNOR, S.A.",Spain
AU000000MND5,MONADELPHOUS GROUP LIMITED,Australia
GB0006452857,nmcn plc,United Kingdom
NO0003078107,AF GRUPPEN ASA,Norway
GB00BYNVD082,MCCARTHY & STONE PLC,United Kingdom
JP3659200004,NISHIMATSU CONSTRUCTION CO LTD,Japan
JP3627000007,TODA CORPORATION,Japan
JP3358800005,SHIMIZU CORPORATION,Japan
AU000000SSM2,Service Stream Limited,Australia
GB00BRKD9Z53,MJ GLEESON PLC,United Kingdom
BRMRVEACNOR2,MRV ENGENHARIA E PARTICIPACOES S.A.,Brazil
US00766T1007,AECOM,United States
JP3420600003,"SEKISUI HOUSE, LIMITED",Japan
GB0000904986,BELLWAY P.L.C.,United Kingdom
JP3344400001,SANWA HOLDINGS CORP,Japan
US48666K1097,KB HOME,United States
GB0001110096,HENRY BOOT PLC,United Kingdom
GB00B8VZXT93,CREST NICHOLSON HOLDINGS PLC,United Kingdom
GB00BG11K365,REDROW PLC,United Kingdom
AU000000GWA4,GWA GROUP LIMITED,Australia
GB0008085614,MORGAN SINDALL GROUP PLC,United Kingdom
US3434121022,FLUOR CORPORATION,United States
GB00BYPHNG03,COUNTRYSIDE PROPERTIES PLC,United Kingdom
GB0001859296,BOVIS HOMES GROUP PLC,United Kingdom
SE0000806994,JM AB,Sweden
CNE1000003K3,Jiangxi Copper Company Limited,China
GB00B0HZPV38,KAZ MINERALS PLC,United Kingdom
AU000000CGC2,COSTA GROUP HOLDINGS LTD,Australia
KYG2163M1033,China Education Group Holdings Limited,Hong Kong
KYG211511160,China Maple Leaf Educational Systems Limited,China
GB0004697420,JKX Oil & Gas plc,United Kingdom
RU0007661625,GAZPROM PAO,Russia
CA07317Q1054,BAYTEX ENERGY CORPORATION,Canada
CA7170461064,PEYTO EXPLORATION & DEVELOPMENT CORP,Canada
AU000000WPL2,WOODSIDE PETROLEUM LIMITED,Australia
NL0000360618,SBM OFFSHORE NV,Netherlands
CA96467A2002,WHITECAP RESOURCES INC.,Canada
CA2927661025,ENERPLUS CORPORATION,Canada
CA22576C1014,CRESCENT POINT ENERGY CORPORATION,Canada
CA1363851017,CANADIAN NATURAL RESOURCES LTD (PRE-MERGER),Canada
ARP9897X1319,YPF SOCIEDAD ANONIMA,Argentina
CA67072Q1046,NUVISTA ENERGY LTD,Canada
CA4480551031,HUSKY ENERGY INC.,Canada
GB00BFG3KF26,NOBLE CORPORATION PLC,United Kingdom
CA5527041084,MEG ENERGY CORPORATION,Canada
RU0009062467,GAZPROM NEFT' PAO,Russia
GB00BG12Y042,ENERGEAN OIL & GAS PLC,United Kingdom
RU000A0DKVS5,NOVATEK PAO,Russia
ROSNPPACNOR9,OMV PETROM SA,Romania
CA8672241079,SUNCOR ENERGY INCORPORATED,Canada
GB0001500809,TULLOW OIL PLC,United Kingdom
US6267171022,MURPHY OIL CORPORATION,United States
TH0355A10Z04,PTT EXPLORATION & PRODUCTION PUBLIC COMPANY LIMITED,Thailand
CNE1000003W8,PetroChina Company Limited,China
CA0906971035,BIRCHCLIFF ENERGY LTD,Canada
RU000A0J2Q06,NK ROSNEFT' PAO,Russia
GB00BGP6Q951,Nostrum Oil & Gas PLC,United Kingdom
CNE1000002Q2,CHINA PETROLEUM & CHEMICAL CORPORATION,China
CA15135U1093,CENOVUS ENERGY INC,Canada
TH0646010Z00,PTT PUBLIC COMPANY LIMITED,Thailand
GB00B43G0577,PREMIER OIL PLC,United Kingdom
BRPETRACNPR6,PETROLEO BRASILEIRO SA PETROBRAS,Brazil
HRINA0RA0007,INA DD,Croatia
BRENATACNOR0,ENAUTA PARTICIPACOES SA,Brazil
US6550441058,"NOBLE ENERGY, INC.",United States
COC04PA00016,ECOPETROL SA,Colombia
GB00BJVJZD68,Valaris plc,United Kingdom
CA00208D4084,ARC RESOURCES LIMITED,Canada
PG0008579883,OIL SEARCH LIMITED,Australia
OM0000003224,RENAISSANCE SERVICES SAOG,Oman
FR0013506730,Vallourec S.A.,France
CA6993202069,Paramount Resources Ltd.,Canada
US03674X1063,ANTERO RESOURCES CORP,United States
HU0000153937,MOL MAGYAR OLAJ ES GAZIPARI NYILVANOSAN MUKODO RESZVENYTARSASAG,Hungary
US75281A1097,RANGE RESOURCES CORPORATION,United States
IT0005252140,SAIPEM SPA,Italy
LU0075646355,SUBSEA 7 S.A.,United Kingdom
NO0010861990,Prosafe SE,Norway
KR7078930005,GS HOLDINGS CORP,South Korea
IT0000433307,SARAS,Italy
TH0471010Y04,IRPC PUBLIC COMPANY LIMITED,Thailand
INE002A01018,RELIANCE INDUSTRIES LIMITED,India
KR7096770003,SK INNOVATION COMPANY LIMITED,South Korea
JP3386450005,JXTG HOLDINGS INC,Japan
TH0796010005,THAI OIL PCL,Thailand
AU0000030645,Charter Hall Social Infrastructure REIT,Australia
SG1U25933169,CAPITARETAIL CHINA TRUST,Singapore
ZAE000203063,EMIRA PROPERTY FUND,South Africa
AU000000CHC0,CHARTER HALL GROUP,Australia
MYL5176TO001,Sunway Real Estate Investment Trust,Malaysia
AU000000CMW8,CROMWELL GROUP,Australia
CA0966311064,BOARDWALK REAL ESTATE INVESTMENT TRUST,Canada
ZAE000248498,Fortress REIT Limited,South Africa
AU000000DXS1,DEXUS,Australia
AU000000GPT8,GPT GROUP,Australia
US21870Q1058,CORESITE REALTY CORPORATION,United States
AU000000VCX7,Vicinity Centres,Australia
ZAE000190252,REDEFINE PROPERTIES LIMITED,South Africa
IT0005322612,IMMOBILIARE GRANDE DISTRIBUZIONE SIIQ SPA,Italy
MXCFFU000001,FIBRA UNO ADMINISTRACION SA DE CV,Mexico
AU000000SCG8,SCENTRE GROUP,Australia
MYL5235SS008,KLCC PROPERTY HOLDINGS BHD,Malaysia
GB00BK7YQK64,Hammerson plc,United Kingdom
JP3039710003,JAPAN RETAIL FUND INVESTMENT CORPORATION,Japan
US9396531017,Washington Real Estate Investment Trust,United States
SG1Q52922370,SUNTEC REAL ESTATE INVESTMENT TRUST,Singapore
CA49410M1023,Killam Apartment Real Estate Investment Trust,Canada
GB0006928617,UNITE GROUP PLC (THE),United Kingdom
ZAE000190724,HYPROP INVESTMENTS LIMITED,South Africa
JP3027670003,NIPPON BUILDING FUND INCORPORATED,Japan
HK0405033157,Yuexiu Real Estate Investment Trust,Hong Kong
AU000000ABP9,ABACUS PROPERTY GROUP,Australia
US46590V1008,JBG SMITH PROPERTIES,United States
AU000000SGP0,STOCKLAND CORPORATION LTD,Australia
ES0105025003,MERLIN PROPERTIES SOCIMI SA,Spain
JP3040890000,JAPAN PRIME REALTY INVESTMENT CORPORATION,Japan
US7005171050,PARK HOTELS & RESORTS INC,United States
US8754651060,TANGER FACTORY OUTLET CENTRES INCORPORATED,United States
DE0006013006,HAMBORNER AG,Germany
SG1T22929874,KEPPEL REIT,Singapore
HK0823032773,THE LINK REAL ESTATE INVESTMENT TRUST,Hong Kong
HK2778034606,CHAMPION REAL ESTATE INVESTMENT TRUST,Hong Kong
SG1T60930966,FRASERS CENTREPOINT TRUST,Singapore
US25960P1093,"DOUGLAS EMMETT, INC.",United States
US4278255009,HERSHA HOSPITALITY TRUST,United States
JP3046390005,DAIWA HOUSE REIT INVESTMENT CORP,Japan
JP3040880001,ORIX JREIT Inc.,Japan
AU000000GOZ8,GROWTHPOINT PROPERTIES AUSTRALIA LTD,Australia
US8678921011,"SUNSTONE HOTEL INVESTORS, INC.",United States
AU000000MGR9,MIRVAC GROUP,Australia
SG1M51904654,CAPITAMALL TRUST,Singapore
US2921041065,EMPIRE STATE REALTY TRUST INC,United States
SG2D18969584,MAPLETREE COMMERCIAL TRUST,Singapore
AU000000SCP9,SHOPPING CENTRES AUSTRALASIA PROPERTY GROUP RE LIMITED,Australia
SG2C32962814,MAPLETREE INDUSTRIAL TRUST,Singapore
AU000000NSR2,NATIONAL STORAGE REIT,Australia
GB0005522007,MCKAY SECURITIES PLC,United Kingdom
US78440X1019,SL GREEN REALTY CORP.,United States
US82981J1097,SITE CENTERS CORP,United States
GB00B67G5X01,WORKSPACE GROUP PLC,United Kingdom
BE0003678894,BEFIMMO SCA,Belgium
BE0003593044,COFINIMMO S.A.,Belgium
HK0000063476,Doyen International Holdings Limited,Hong Kong
BMG5266H1034,KINGSTON FINANCIAL GROUP LTD,Hong Kong
CA17039A1066,Choice Properties Real Estate Investment Trust,Canada
BRITSAACNPR7,ITAUSA - INVESTIMENTOS ITAU SA,Brazil
GB00BF5H9P87,GREAT PORTLAND ESTATES P.L.C.,United Kingdom
GB00BD7XPJ64,NEWRIVER REIT PLC,United Kingdom
FR0000064578,COVIVIO SA,France
FR0010241638,MERCIALYS,France
KYG2120F1000,China Ding Yi Feng Holdings Limited,Hong Kong
PLBH00000012,BANK HANDLOWY W WARSZAWIE SA,Poland
DE000A0LD2U1,ALSTRIA OFFICE REIT-AG,Germany
GB0002652740,DERWENT LONDON PLC,United Kingdom
GB00B1N7Z094,SAFESTORE HOLDINGS PLC,United Kingdom
INE062A01020,STATE BANK OF INDIA,India
GB00B1YKG049,INTERNATIONAL PERSONAL FINANCE PLC,United Kingdom
ROBRDBACNOR2,BRD GROUPE SOCIETE GENERALE SA,Romania
ZAE000255915,ABSA GROUP LTD,South Africa
PLBIG0000016,BANK MILLENNIUM SA,Poland
ZAE000004875,NEDBANK GROUP LIMITED,South Africa
PHY7311H1463,Rizal Commercial Banking Corporation,Philippines
GB0002869419,BIG YELLOW GROUP PLC,United Kingdom
ZAE000035861,CAPITEC BANK HOLDINGS LIMITED,South Africa
MX01EL000003,GRUPO ELEKTRA SA DE CV,Mexico
TH0068010Z07,TMB BANK PUBLIC COMPANY LIMITED,Thailand
INE095A01012,INDUSIND BANK LTD,India
ZAE000066304,FIRSTRAND LIMITED,South Africa
GRS015003007,ALPHA BANK SA,Greece
PHY077751022,BDO UNIBANK INCORPORATED,Philippines
INE238A01034,AXIS BANK LIMITED,India
PTBCP0AM0015,"BANCO COMERCIAL PORTUGUES, S.A.",Portugal
JP3047550003,NIPPON PROLOGIS REIT INC,Japan
AU000000BEN6,BENDIGO AND ADELAIDE BANK LTD,Australia
ZAE000109815,STANDARD BANK GROUP LIMITED,South Africa
TH0001010006,BANGKOK BANK PUBLIC COMPANY LIMITED,Thailand
NL0000289213,WERELDHAVE N.V.,Netherlands
HU0000061726,OTP BANK NYRT,Hungary
KR7003530003,"Hanwha Investment & Securities Co., Ltd.",South Korea
PHY7571C1000,SECURITY BANK CORPORATION,Philippines
MYL1015OO006,AMMB Holdings Berhad,Malaysia
GB00BYRJ5J14,Primary Health Properties PLC,United Kingdom
TH0016010009,KASIKORNBANK PUBLIC COMPANY LIMITED,Thailand
MYL1023OO000,CIMB GROUP HOLDINGS BERHAD,Malaysia
GB00B14SKR37,CMC MARKETS PLC,United Kingdom
MX41BS060005,BANCO SANTANDER MEXICO SA INSTITUCION DE BANCA MULTIPLE GRUPO FINANCIERO SANTAND,Mexico
INE528G01035,Yes Bank Limited,India
MX01R0000006,BANREGIO GRUPO FINANCIERO SA,Mexico
GB00BZ6STL67,METRO BANK PLC,United Kingdom
IE00BWB8X525,PERMANENT TSB GROUP HOLDINGS PLC,Ireland
GB0007990962,SHAFTESBURY PLC,United Kingdom
JP3885780001,MIZUHO FINANCIAL GROUP INC,Japan
KR7138930003,BNK FINANCIAL GROUP INC,South Korea
KR7139130009,DGB FINANCIAL GROUP CO LTD,South Korea
KR7316140003,WOORI FINANCIAL GROUP INC,South Korea
MXP370711014,GRUPO FINANCIERO BANORTE S.A.B. DE C.V.,Mexico
GB00B17BBQ50,INVESTEC PLC,South Africa
DE0005408116,AAREAL BANK AG,Germany
AU000000PPT9,Perpetual Limited,Australia
GB00B06QFB75,IG GROUP HOLDINGS PLC,United Kingdom
JE00BJ1DLW90,Man Group plc,Jersey
GB00BD6GN030,CYBG PLC,United Kingdom
KR7175330000,JB FINANCIAL GROUP LTD,South Korea
KR7086790003,HANA FINANCIAL GROUP,South Korea
DK0060036564,Spar Nord Bank A/S,Denmark
DK0010311471,SYDBANK AS,Denmark
AU000000WBC1,WESTPAC BANKING CORPORATION,Australia
IE00BF0L3536,AIB GROUP PLC,Ireland
INE774D01024,MAHINDRA & MAHINDRA FINANCIAL SERVICES LTD,India
JE00BVRZ8S85,Sanne Group plc,Jersey
KR7105560007,KB FINANCIAL GROUP INCORPORATION,South Korea
CH0014786500,VALIANT HOLDING AG,Switzerland
INE237A01028,KOTAK MAHINDRA BANK LIMITED,India
NL0000288918,VASTNED RETAIL NV,Netherlands
GB0007668071,CLOSE BROTHERS GROUP PLC,United Kingdom
GB00B2NGPM57,PARAGON BANKING GROUP PLC,United Kingdom
KR7055550008,SHINHAN FINANCIAL GROUP COMPANY LIMITED,South Korea
INE498L01015,L&T Finance Holdings Limited,India
GB00B1H0DZ51,TP ICAP PLC,United Kingdom
GB0001765816,BREWIN DOLPHIN HOLDINGS PLC,United Kingdom
AU000000CBA7,COMMONWEALTH BANK OF AUSTRALIA,Australia
AU000000MQG1,MACQUARIE GROUP LIMITED,Australia
BRBBASACNOR3,BANCO DO BRASIL SA,Brazil
AU000000BOQ8,BANK OF QUEENSLAND LIMITED,Australia
AT0000BAWAG2,BAWAG Group AG,Austria
GB0003062816,Town Centre Securities PLC,United Kingdom
KR7008560005,MERITZ SECURITIES COMPANY LIMITED,South Korea
MX00CR000000,CREDITO REAL SAB DE CV SOFOM ER,Mexico
GB0002148343,RATHBONE BROTHERS PLC,United Kingdom
AU000000ANZ3,AUSTRALIA AND NEW ZEALAND BANKING GROUP LIMITED,Australia
GB00B1Z4ST84,PROVIDENT FINANCIAL PLC,United Kingdom
CNE100000HK9,"China Merchants Securities Co., Ltd.",China
ZAE000011953,NETCARE LIMITED,South Africa
DE0007042301,RHOEN KLINIKUM AG,Germany
FR0000184798,ORPEA SA,France
AU000000RHC8,RAMSAY HEALTH CARE LIMITED,Australia
GB00BNLPYF73,SPIRE HEALTHCARE GROUP PLC,United Kingdom
SE0007666110,ATTENDO AB (PUBL),Sweden
ZAE000269890,Momentum Metropolitan Holdings Limited,South Africa
ZAE000022331,DISCOVERY LTD,South Africa
JP3752900005,"Japan Post Holdings Co., Ltd.",Japan
ZAE000070660,SANLAM LIMITED,South Africa
HK0000055878,CHINA TAIPING INSURANCE HOLDINGS COMPANY LIMITED,Hong Kong
GB00B00FPT80,CHESNARA PLC,United Kingdom
BMG5361W1047,LANCASHIRE HOLDINGS LTD,United Kingdom
TW0002002003,CHINA STEEL CORPORATION,Taiwan
KR7005490008,POSCO,South Korea
KR7004020004,HYUNDAI STEEL CO,South Korea
CLP9796J1008,CONCHA Y TORO WINERY INC,Chile
AU000000TWE9,TREASURY WINE ESTATES LTD,Australia
HK0291001490,CHINA RESOURCES BEER HOLDINGS CO LTD,Hong Kong
NL0015435975,Davide Campari-Milano N.V.,Italy
KYG1674K1013,Budweiser Brewing Company APAC Limited,Hong Kong
CLP3697U1089,EMBOTELLADORA ANDINA SA,Chile
CLP249051044,COMPANIA CERVECERIAS UNIDAS SA,Chile
MX01AC100006,ARCA CONTINENTAL SAB DE CV,Mexico
AU000000CCL2,COCA-COLA AMATIL LIMITED,Australia
KR7005300009,"LOTTE CHILSUNG BEVERAGE CO., LTD.",South Korea
MXP320321310,FOMENTO ECONOMICO MEXICANO S.A.B. DE C.V.,Mexico
BRABEVACNOR1,AMBEV S.A,Brazil
US49271V1008,KEURIG DR PEPPER INC,United States
JP3258000003,KIRIN HOLDINGS COMPANY LIMITED.,Japan
JP3116000005,ASAHI GROUP HOLDINGS LIMITED,Japan
JP3459600007,TAKARA HOLDING INCORPORATED,Japan
GB00B0N8QD54,BRITVIC PLC,United Kingdom
CH0198251305,COCA COLA HBC AG,Switzerland
GB00BDCPN049,COCA-COLA EUROPEAN PARTNERS PLC,United Kingdom
KYG9829N1025,XINYI SOLAR HOLDINGS LTD,China
JP3733400000,NIPPON ELECTRIC GLASS CO LTD,Japan
TW0005347009,VANGUARD INTERNATIONAL SEMICONDUCTOR CORPORATION,Taiwan
TW0003623005,Transtouch Technology Inc.,Taiwan
TW0003049003,SINTEK PHOTRONIC CORPORATION,Taiwan
US6821891057,ON SEMICONDUCTOR CORPORATION,United States
TW0002368008,GOLD CIRCUIT ELECTRONICS LTD,Taiwan
TW0003532008,FORMOSA SUMCO TECHNOLOGY CORPORATION,Taiwan
TW0002303005,UNITED MICRO ELECTRONICS CORPORATION,Taiwan
TW0008110008,WALTON ADVANCED ENGINEERING INC,Taiwan
KR7000990002,DB HITEK CO LTD,South Korea
TW0008131004,"FORMOSA ADVANCED TECHNOLOGIES CO., LTD.",Taiwan
TW0003044004,TRIPOD TECHNOLOGY CORP,Taiwan
TW0003481008,INNOLUX CORP,Taiwan
KYG5257K1076,KINGBOARD LAMINATES HOLDINGS LTD,Hong Kong
TW0002313004,COMPEQ MANUFACTURING COMPANY LIMITED,Taiwan
KR7034220004,LG DISPLAY COMPANY LIMITED,South Korea
TW0002337003,MACRONIX INTERNATIONAL COMPANY LIMITED,Taiwan
TW0008150004,CHIPMOS TECHNOLOGIES INC,Taiwan
TW0002409000,AU OPTRONICS CORPORATION,Taiwan
TW0002449006,KING YUAN ELECTRONICS COMPANY LIMITED,Taiwan
TW0003037008,UNIMICRON TECHNOLOGY CORP,Taiwan
TW0003264008,ARDENTEC CORPORATION,Taiwan
JP3661800007,NICHICON CORPORATION,Japan
JP3148800000,IBIDEN CO LTD,Japan
TW0006488000,GLOBALWAFERS CO LTD,Taiwan
TW0003189007,KINSUS INTERCONNECT TECHNOLOGY CORP,Taiwan
JP3322930003,SUMCO CORPORATION,Japan
TW0002330008,TAIWAN SEMICONDUCTOR MANUFACTURING COMPANY LIMITED,Taiwan
TW0003105003,WIN SEMICONDUCTORS CORPORATION,Taiwan
TW0006147002,CHIPBOND TECHNOLOGY CORP,Taiwan
TW0002344009,WINBOND ELECTRONICS CORPORATION,Taiwan
TW0002492006,WALSIN TECHNOLOGY CORP,Taiwan
TW0004919006,NUVOTON TECHNOLOGY CORPORATION,Taiwan
KR7009150004,"SAMSUNG ELECTRO-MECHANICS CO., LTD.",South Korea
TW0006257009,SIGURD MICROELECTRONICS CORP.,Taiwan
JP3452000007,TAIYO YUDEN CO LTD,Japan
KYG989221000,ZHEN DING TECHNOLOGY HOLDING LIMITED,Taiwan
TW0006239007,POWERTECH TECHNOLOGY,Taiwan
JP3982800009,ROHM CO LTD,Japan
US3364331070,"FIRST SOLAR, INC.",United States
TW0002329000,ORIENT SEMICONDUCTOR ELECTRONICS LIMITED,Taiwan
TW0002393006,EVERLIGHT ELECTRONICS CO LTD,Taiwan
KR7006400006,SAMSUNG SDI COMPANY LIMITED,South Korea
NL0009538784,NXP SEMICONDUCTORS NV,Netherlands
JP3538800008,TDK CORPORATION,Japan
JP3164720009,RENESAS ELECTRONICS CORPORATION,Japan
TW0003711008,"ASE Technology Holding Co., Ltd.",Taiwan
JP3375800004,SHINKO ELECTRIC INDUSTRIES CO LIMITED,Japan
TW0004979000,LuxNet Corporation,Taiwan
JP3389660006,JAPAN DISPLAY INC,Japan
KYG898431096,TPK HOLDING COMPANY LIMITED,Taiwan
JP3914400001,MURATA MANUFACTURING CO LIMITED,Japan
US8676524064,SUNPOWER CORPORATION,United States
TW0004960000,CHENG MEI MATERIALS TECHNOLOGY CORP,Taiwan
TW0008069006,E INK HOLDINGS INCORPORATED,Taiwan
KR7008060006,"Daeduck Co.,Ltd.",South Korea
JP3432400004,"Soshin Electric Co.,Ltd.",Japan
TW0006176001,RADIANT OPTO ELECTRONICS CORP,Taiwan
JP3249600002,KYOCERA CORPORATION,Japan
TW0003042008,TXC CORPORATION,Taiwan
KYG8586D1097,SUNNY OPTICAL TECHNOLOGY (GROUP) COMPANY LIMITED,China
JP3705600009,JAPAN AVIATION ELECTRONICS INDUSTRY LIMITED,Japan
TW0003094009,"Davicom Semiconductor, Inc.",Taiwan
KR7011070000,LG INNOTEK COMPANY LIMITED,South Korea
JP3126400005,ALPS ALPINE CO LTD,Japan
JP3548600000,DISCO CORPORATION,Japan
TW0003211009,DYNAPACK INTERNATIONAL TECHNOLOGY CORPORATION,Taiwan
TW0002308004,"DELTA ELECTRONICS, INC.",Taiwan
JP3197800000,OMRON CORPORATION,Japan
TW0005351001,ETRON TECHNOLOGY INC,Taiwan
TW0005483002,SINO-AMERICAN SILICON PRODUCTS INC,Taiwan
NL0000334118,ASM INTERNATIONAL NV,Netherlands
JP3571400005,TOKYO ELECTRON LTD,Japan
JP3494600004,SCREEN HOLDINGS CO LTD,Japan
CH0108503795,MEYER BURGER TECHNOLOGY AG,Switzerland
JP3122400009,ADVANTEST CORPORATION,Japan
JP3799000009,HIROSE ELECTRIC CO LTD,Japan
KR7009440009,"KC Green Holdings Co., Ltd.",South Korea
KYG4935G1091,IPE Group Limited,Hong Kong
TRAANACM91F7,ANADOLU CAM SANAYII A.S.,Turkey
GB00B3FLWH99,BODYCOTE PLC,United Kingdom
US3976241071,"GREIF, INC.",United States
US08579W1036,BERRY GLOBAL GROUP INC,United States
IT0000076502,DANIELI & C. OFFICINE MECCANICHE S.P.A.,Italy
GB0006027295,MORGAN ADVANCED MATERIALS PLC,United Kingdom
JP3695200000,NGK INSULATORS LTD,Japan
JP3613400005,TOYO SEIKAN GROUP HOLDINGS LTD,Japan
GB00B82YXW83,VESUVIUS PLC,United Kingdom
TW0002049004,HIWIN TECHNOLOGIES CORP.,Taiwan
TW0009907006,TON YI INDUSTRIAL CORPORATION,Taiwan
TW0001323004,"Yonyu Plastics Co., Ltd.",Taiwan
SE0000114837,TRELLEBORG AB (PUBL.),Sweden
JP3270000007,KURITA WATER INDUSTRIES LIMITED,Japan
JP3720800006,NSK LTD.,Japan
JP3721400004,JAPAN STEEL WORKS LIMITED (THE),Japan
CH0001752309,GEORG FISCHER AG,Switzerland
JP3165600002,NTN CORPORATION,Japan
NL0000852564,AALBERTS NV,Netherlands
CH0030486770,DAETWYLER HOLDING AG,Switzerland
US45073V1089,ITT INCORPORATION,United States
JP3906000009,MINEBEA MITSUMI INC,Japan
PTCOR0AE0006,"CORTICEIRA AMORIM, SOCIEDADE GESTORA DE PARTICIPACOES SOCIAIS, S.A.",Portugal
JP3763000001,NORITAKE CO LTD,Japan
TW0002059003,KING SLIDE WORKS CO LTD,Taiwan
DE000A1H8BV3,NORMA GROUP SE,Germany
DE0007314007,HEIDELBERGER DRUCKMASCHINEN AG,Germany
JP3170800001,OSG CORPORATION,Japan
JP3919800007,MEIDENSHA CORPORATION,Japan
JP3405400007,SUMITOMO HEAVY INDUSTRIES LTD,Japan
JP3134800006,IHI CORPORATION,Japan
JP3166000004,EBARA CORPORATION,Japan
JP3651210001,NABTESCO CORPORATION,Japan
JP3224200000,"KAWASAKI HEAVY INDUSTRIES, LIMITED",Japan
CH0038388911,SULZER AG,Switzerland
JP3122800000,AMADA HOLDINGS CO LTD,Japan
JP3862400003,MAKITA CORPORATION,Japan
JP3274400005,GLORY LIMITED,Japan
TW0008464009,NIEN MADE ENTERPRISE CO LTD,Taiwan
DE0005176903,SURTECO GROUP SE,Germany
KR7009240003,"Hanssem Co., Ltd.",South Korea
KYG9828G1082,XINYI GLASS HOLDINGS LIMITED,Hong Kong
MX01NE000001,NEMAK SAB DE CV,Mexico
KYG2114R1103,China First Capital Group Limited,Hong Kong
KYG6145U1094,MINTH GROUP LIMITED,China
IT0005252728,FRENI BREMBO SPA,Italy
GB00BYQB9V88,TI Fluid Systems plc,United Kingdom
US0240611030,"AMERICAN AXLE & MFG HOLDINGS, INC.",United States
KR7004490009,SEBANG GLOBAL BATTERY CO LTD,South Korea
ES0105630315,CIE AUTOMOTIVE SA,Spain
US21676P1030,Cooper-Standard Holdings Inc.,United States
JP3164800009,NOK CORPORATION,Japan
KYG2112D1051,CHINA HIGH SPEED TRANSMISSION EQUIPMENT GROUP CO LTD,Hong Kong
JP3399400005,"STANLEY ELECTRIC CO, LTD.",Japan
JP3961400003,YOROZU CORPORATION,Japan
IT0000076536,SOGEFI SPA,Italy
DE000SHA0159,SCHAEFFLER AG,Germany
JP3677600003,NISSIN ELECTRIC CO LTD,Japan
JP3738600000,NGK SPARK PLUG CO LTD,Japan
KYG6501M1050,Nexteer Automotive Group Limited,United States
JP3634200004,TOYODA GOSEI CO LTD,Japan
ES0105223004,GESTAMP AUTOMOCION SA,Spain
US3719011096,GENTEX CORPORATION,United States
CA5592224011,MAGNA INTERNATIONAL INC,Canada
JP3407400005,SUMITOMO ELECTRIC INDUSTRIES LIMITED,Japan
JP3634600005,TOYOTA INDUSTRIES CORPORATION,Japan
US0528001094,"AUTOLIV, INC.",Sweden
FR0000124570,COMPAGNIE PLASTIC OMNIUM,France
JP3742600004,NHK SPRING CO LTD,Japan
CNE100000D55,Shanghai Electric Group Company Limited,China
KR7018880005,HANON SYSTEMS,South Korea
FR0000121147,FAURECIA SE,France
JP3102000001,AISIN SEIKI CO LTD,Japan
DE0005408884,LEONI AG,Germany
JP3266400005,KUBOTA CORPORATION,Japan
JP3551500006,DENSO CORPORATION,Japan
JP3902400005,MITSUBISHI ELECTRIC CORPORATION,Japan
JP3566600007,TOKAI RIKA CO. LTD.,Japan
US5218652049,LEAR CORPORATION,United States
JP3139600005,ISEKI & CO LTD,Japan
JP3635400009,TOYOTA BOSHOKU CORPORATION,Japan
KR7204320006,MANDO CORP,South Korea
SE0007691613,DOMETIC GROUP AB (PUBL),Sweden
US2358252052,DANA INC,United States
JP3284600008,KOITO MANUFACTURING CO LTD,Japan
CNE100000PW7,SICHUAN KELUN PHARMACEUTICAL COMPANY LIMITED,China
MYL7113OO003,TOP GLOVE CORPORATION BERHAD,Malaysia
INE700A01033,JUBILANT LIFE SCIENCES LIMITED,India
TW0008105008,GIANTPLUS TECHNOLOGY CO LTD,Taiwan
CNE000001816,JOINCARE PHARMACEUTICAL GROUP INDUSTRY COMPANY LIMITED,China
CNE0000002Y8,LIVZON PHARMACEUTICAL GROUP INCORPORATED,China
TW0001762003,"Chunghwa Chemical Synthesis & Biotech Co., Ltd.",Taiwan
KYG2110P1000,CHINA SHINEWAY PHARMACEUTICAL GROUP LIMITED,China
CNE100000BJ4,"Zhejiang Dahua Technology Co., Ltd.",China
BMG8162K1137,SIHUAN PHARMACEUTICAL HOLDINGS GROUP LTD,China
INE089A01023,DR.REDDY'S LABORATORIES LTD,India
CNE000000X38,SHANGHAI FOSUN PHARMACEUTICAL (GROUP) COMPANY LIMITED,China
TW0001789006,SCINOPHARM TAIWAN LIMITED,Taiwan
HK1093012172,CSPC PHARMACEUTICAL GROUP LTD,China
CNE100000585,Tong Ren Tang Technologies Co. Ltd.,China
KR7128940004,"HANMI PHARMACEUTICAL., COMPANY LIMITED",South Korea
CNE100000171,SHANDONG WEIGAO GROUP MEDICAL POLYMER COMPANY LTD,China
JP3837800006,HOYA CORPORATION,Japan
JP3535800001,TSUMURA & CO,Japan
TW0001720001,STANDARD CHEM. & PHARM. CO LTD,Taiwan
JP3188220002,OTSUKA HOLDINGS COMPANY LIMITED,Japan
JP3352400000,CITIZEN WATCH CO LTD,Japan
JP3788600009,HITACHI LIMITED,Japan
JP3546800008,TERUMO CORPORATION,Japan
IT0003828271,RECORDATI SPA,Italy
DE0007251803,STADA Arzneimittel Aktiengesellschaft,Germany
KYG211081248,CHINA MEDICAL SYSTEM HOLDINGS LIMITED,China
JP3160400002,EISAI COMPANY LIMITED,Japan
JP3475350009,DAIICHI SANKYO COMPANY LIMITED,Japan
JP3347200002,SHIONOGI & CO LTD,Japan
JP3469000008,MITSUBISHI TANABE PHARMA CORP,Japan
CNE100000387,GUANGZHOU BAIYUNSHAN PHARMCEUTICAL HOLDINGS CO LTD,China
JP3955000009,YOKOGAWA ELECTRIC CORPORATION,Japan
CNE1000021L3,CHINA RAILWAY SIGNAL & COMMUNICATION CO LTD,China
JP3442850008,TAISHO PHARMACEUTICAL HOLDINGS CO LTD,Japan
DE0007165607,SARTORIUS AG,Germany
JP3463000004,TAKEDA PHARMACEUTICAL COMPANY LIMITED,Japan
JP3194000000,OKI ELECTRIC INDUSTRY COMPANY LIMITED,Japan
IT0003492391,DIASORIN S.P.A.,Italy
JP3519400000,CHUGAI PHARMACEUTICAL CO LTD,Japan
JP3942400007,ASTELLAS PHARMA INCORPORATED,Japan
JP3336000009,SANTEN PHARMACEUTICAL COMPANY LIMITED,Japan
JP3357200009,SHIMADZU CORPORATION,Japan
BRFLRYACNOR5,FLEURY SA,Brazil
JP3201200007,OLYMPUS CORPORATION,Japan
US4657411066,"ITRON, INC.",United States
JP3197600004,ONO PHARMACEUTICAL CO LTD,Japan
JP3351100007,SYSMEX CORPORATION,Japan
JP3678800008,HITACHI HIGH-TECHNOLOGIES CORP,Japan
CNE100000312,DONGFENG MOTOR GROUP COMPANY LIMITED,China
CNE100000338,GREAT WALL MOTOR COMPANY LIMITED,China
CNE100000Q35,GUANGZHOU AUTOMOBILE GROUP COMPANY LIMITED,China
CNE100000CP9,CRRC CORP LTD,China
KYG781631059,SANY HEAVY EQUIPMENT INTERNATIONAL HOLDINGS COMPANY LTD,China
HK3808041546,SINOTRUK (HONG KONG) LIMITED,China
KYG3777B1032,GEELY AUTOMOBILE HOLDINGS LIMITED,Hong Kong
SE0000105199,HALDEX AB,Sweden
CNE100001TJ4,BAIC MOTOR CORP LTD,China
KR7042660001,DAEWOO SHIPBUILDING & MARINE ENGINEERING COMPANY LIMITED,South Korea
KR7010140002,SAMSUNG HEAVY INDUSTRIES COMPANY LIMITED,South Korea
DE0007667107,VOSSLOH AG,Germany
IT0003073266,PIAGGIO NC SPA,Italy
TW0002206000,SANYANG INDUSTRY COMPANY LIMITED,Taiwan
JP3854600008,"HONDA MOTOR CO., LTD.",Japan
KR7009540006,KOREA SHIPBUILDING & OFFSHORE ENGINEERING CO LTD,South Korea
CNE000001527,"Zoomlion Heavy Industry Science and Technology Co., Ltd.",China
KR7003620002,SSANGYONG MOTOR COMPANY LIMITED,South Korea
CA62910L1022,NFI GROUP INC,Canada
JP3397200001,SUZUKI MOTOR CORPORATION,Japan
JP3672400003,NISSAN MOTOR CO LTD,Japan
KR7005380001,HYUNDAI MOTOR CO,South Korea
JP3899800001,MITSUBISHI MOTORS CORPORATION,Japan
JP3633400001,TOYOTA MOTOR CORPORATION,Japan
FR0000121501,PEUGEOT S.A.,France
JP3868400007,MAZDA MOTOR CORPORATION,Japan
DE000KGX8881,KION GROUP AG,Germany
KR7042670000,DOOSAN INFRACORE COMPANY LIMITED,South Korea
AT0000758305,PALFINGER AKTIENGESELLSCHAFT,Austria
DE000WACK012,WACKER NEUSON SE,Germany
CA9609083097,WESTPORT FUEL SYSTEMS INC,Canada
JP3814800003,SUBARU CORP,Japan
KYG521051063,JU TENG INTERNATIONAL HOLDINGS LTD,Hong Kong
TW0002323003,CMC MAGNETICS CORPORATION,Taiwan
KYG2953R1149,AAC TECHNOLOGIES HOLDINGS INCORPORATION,China
TW0003005005,GETAC TECHNOLOGY CORP,Taiwan
TW0001558005,"ZENG HSING INDUSTRIAL CO., LTD.",Taiwan
IT0001042610,Sabaf S.p.A.,Italy
KR7005930003,SAMSUNG ELECTRONICS COMPANY LIMITED,South Korea
KYG3323L1005,FABRINET,Thailand
BMG9737M1055,Wong's Kong King International (Holdings) Limited,Hong Kong
BMG9738G1078,WONG'S INTERNATIONAL HOLDINGS LIMITED,Hong Kong
FR0000121709,SEB SA,France
JP3414750004,SEIKO EPSON,Japan
TW0002317005,HON HAI PRECISION INDUSTRY COMPANY LIMITED,Taiwan
CNE100000353,"Hisense Home Appliances Group Co., Ltd.",China
TW0002301009,LITE-ON TECHNOLOGY CORPORATION,Taiwan
TW0003706008,MITAC HOLDINGS CORP,Taiwan
JP3818400008,FUJITSU GENERAL LIMITED,Japan
JP3300600008,KONICA MINOLTA INC,Japan
JP3977400005,RINNAI CORPORATION,Japan
TW0004915004,PRIMAX ELECTRONICS LTD.,Taiwan
US4663131039,JABIL INC,United States
JP3242800005,CANON INCORPORATED,Japan
SG9999000020,FLEX LTD,United States
TW0002385002,CHICONY ELECTRONICS COMPANY LIMITED,Taiwan
CA15101Q1081,CELESTICA INCORPORATED,Canada
TW0002331006,ELITEGROUP COMPUTER SYSTEMS COMPANY LIMITED,Taiwan
JP3830000000,BROTHER INDUSTRIES LIMITED,Japan
JP3973400009,"RICOH COMPANY, LTD",Japan
TW0002382009,QUANTA COMPUTER INCORPORATED,Taiwan
TW0002377009,MICRO-STAR INTERNATIONAL COMPANY LIMITED,Taiwan
TW0002352002,QISDA CORP,Taiwan
SE0001662230,HUSQVARNA,Sweden
TW0003231007,WISTRON,Taiwan
TW0002439007,MERRY ELECTRONICS CO LTD,Taiwan
TW0002376001,GIGA-BYTE TECHNOLOGY COMPANY LIMITED,Taiwan
TW0004938006,PEGATRON CORPORATION,Taiwan
JP3733000008,NEC CORPORATION,Japan
TW0002324001,COMPAL ELECTRONICS INCORPORATED,Taiwan
TW0002356003,INVENTEC CORPORATION,Taiwan
JP3651080008,EIZO Corporation,Japan
HK0992009065,LENOVO GROUP LIMITED,China
KR7021240007,WOONGJIN COWAY CO LTD,South Korea
DE0007235301,SGL CARBON SE,Germany
JP3690400001,NIPPON CARBON CO LTD,Japan
TW0003152005,ADVANCED CERAMIC X CORPORATION,Taiwan
FR0000039620,MERSEN SA,France
TW0001609006,TA YA ELECTRIC WIRE CABLE CO LTDTA YA   ELECTRIC WIRE CABLE CO LTD,Taiwan
JP3827200001,FURUKAWA ELECTRIC CO LTD,Japan
JP3870000001,MABUCHI MOTOR CO LTD,Japan
US7587501039,REGAL BELOIT CORP,United States
JP3820000002,"FUJI ELECTRIC CO., LTD.",Japan
INE176B01034,HAVELLS INDIA LTD,India
JP3385820000,GS YUASA CORPORATION,Japan
JP3734800000,NIDEC CORPORATION,Japan
SG2E91982768,Global Invacom Group Limited,Singapore
KYG114741062,BIZLINK HOLDING INC,United States
KR7010120004,LS INDUSTRIAL SYSTEMS COMPANY LIMITED,South Korea
FR0000044448,NEXANS SA,France
BRWEGEACNOR0,WEG S.A.,Brazil
TW0006409006,VOLTRONIC POWER TECHNOLOGY CORP,Taiwan
TW0001504009,TECO ELECTRIC MACHINERY CO LTD,Taiwan
CNE000000TK5,ZTE Corporation,China
KR7001440007,TAIHAN ELECTRIC WIRE COMPANY LIMITED,South Korea
JP3156400008,USHIO INC,Japan
US20337X1090,COMMSCOPE HOLDING COMPANY INC,United States
JP3323200000,"Sawafuji Electric Co., Ltd.",Japan
CH0030380734,HUBER+SUHNER AG,Switzerland
AT0000837307,ZUMTOBEL AG,Austria
KR7006260004,LS CORPORATION,South Korea
INE438A01022,APOLLO TYRES LIMITED,India
INE482A01020,CEAT Limited,India
US3825501014,GOODYEAR TIRE & RUBBER CO,United States
KR7161390000,HANKOOK TIRE & TECHNOLOGY CO LTD,South Korea
JP3610600003,TOYO TIRE CORP,Japan
IT0005278236,PIRELLI & C SPA,Italy
JP3830800003,BRIDGESTONE CORPORATION,Japan
JP3404200002,SUMITOMO RUBBER INDUSTRIES LTD,Japan
FI0009005318,NOKIAN TYRES PLC,Finland
JP3942600002,YAMAHA CORPORATION,Japan
US1170431092,Brunswick Corporation,United States
JP3419050004,"SEGA SAMMY HOLDINGS, INCORPORATED",Japan
KYG525741032,KINGDOM HOLDINGS LTD,China
TW0001460004,EVEREST TEXTILE COMPANY LIMITED,Taiwan
TW0001455004,ZIG SHENG INDUSTRIAL COMPANY LIMITED,Taiwan
TW0001434009,FORMOSA TAFFETA COMPANY LIMITED,Taiwan
TW0001440006,TAINAN SPINNING COMPANY LIMITED,Taiwan
GB00B4YZN328,COATS GROUP PLC,United Kingdom
TW0001476000,ECLAT TEXTILE COMPANY LIMITED,Taiwan
INE154A01025,ITC LTD,India
KYG748071019,REGINA MIRACLE INTERNATIONAL (HOLDINGS) LTD,Hong Kong
CA3759161035,GILDAN ACTIVEWEAR INC.,Canada
TW0009910000,FENG TAY ENTERPRISES COMPANY LIMITED,Taiwan
TW0009904003,POU CHEN CORPORATION,Taiwan
IT0003007728,TOD'S SPA,Italy
SA000A0KFKK0,SAHARA INTERNATIONAL PETROCHEMICAL CO SJSC,Saudi Arabia
GB00BJT16S69,Tronox Holdings plc,United States
TW0001314003,CHINA PETROCHEMICAL DEVELOPMENT CORPORATION,Taiwan
KR7006380000,CAPRO CORPORATION,South Korea
KR7093370005,FOOSUNG CO LTD,South Korea
TW0001724003,"T.N.C. Industrial Co., Ltd.",Taiwan
TW0001305001,CHINA GENERAL PLASTICS CORPORATION,Taiwan
JP3595200001,TOSOH CORPORATION,Japan
BRBRKMACNPA4,Braskem S.A.,Brazil
US1270551013,CABOT CORPORATION,United States
KR7006650006,KOREA PETRO CHEMICAL IND CO LTD,South Korea
AT0000644505,LENZING AG,Austria
AU000000ORI1,ORICA LIMITED,Australia
JP3269600007,KURARAY CO LTD,Japan
KR7285130001,SK CHEMICALS CO LTD,South Korea
KR7051910008,LG CHEM LIMITED,South Korea
JP3549600009,DENKA CO LTD,Japan
MX01AL0C0004,ALPEK SA DE CV,Mexico
JP3888300005,MITSUI CHEMICALS INCORPORATED,Japan
JP3619800000,TOYOBO CO LTD,Japan
JP3215800008,KANEKA CORPORATION,Japan
LU1057788488,TRINSEO S.A.,United States
JP3621000003,"TORAY INDUSTRIES, INC.",Japan
MX01OR010004,"Orbia Advance Corporation, S.A.B. de C.V.",Mexico
JP3725400000,ZEON CORPORATION,Japan
JP3111200006,ASAHI KASEI CORPORATION,Japan
JP3544000007,TEIJIN LTD,Japan
INE531A01024,KANSAI NEROLAC PAINTS LIMITED,India
PHY7628G1124,Semirara Mining and Power Corporation,Philippines
CNE000000SK7,INNER MONGOLIA YITAI COAL COMPANY LIMITED,China
CNE1000004Q8,YANZHOU COAL MINING COMPANY,China
AU000000NCM7,NEWCREST MINING LIMITED,Australia
BH0006000044,Aluminium Bahrain B.S.C.,Bahrain
ZAE000058723,DRDGOLD LIMITED,South Africa
CNE1000001T8,ALUMINUM CORPORATION OF CHINA LIMITED,China
INE038A01020,HINDALCO INDUSTRIES LIMITED,India
US0138721065,Alcoa Corporation,United States
ROALROACNOR0,ALRO SA,Romania
AU000000RRL8,REGIS RESOURCES LIMITED,Australia
GB0004300496,PAN AFRICAN RESOURCES PLC,United Kingdom
AU000000RSG6,RESOLUTE MINING LIMITED,Australia
AU000000EVN4,EVOLUTION MINING LTD,Australia
MYL8869OO009,Press Metal Aluminium Holdings Berhad,Malaysia
RU000A0JNAA8,POLYUS PAO,Russia
CA6979001089,PAN AMERICAN SILVER CORPORATION,Canada
CA0679011084,BARRICK GOLD CORP,Canada
CA29258Y1034,ENDEAVOUR SILVER CORP,Canada
KYG215AT1023,CHINA ZHONGWANG HOLDINGS LIMITED,China
CA4969024047,KINROSS GOLD CORPORATION,Canada
AU000000NST8,NORTHERN STAR RESOURCES LTD,Australia
CA11777Q2099,B2Gold Corp.,Canada
CNE100000502,ZIJIN MINING GROUP COMPANY LIMITED,China
CA4509131088,IAMGOLD CORP,Canada
AU000000SBM8,ST BARBARA LIMITED,Australia
GB0031544546,PETROPAVLOVSK PLC,Russia
CA2652692096,DUNDEE PRECIOUS METALS INC.,Canada
CA6445351068,NEW GOLD INC,Canada
CA2849025093,ELDORADO GOLD CORPORATION,Canada
CA7847301032,SSR MINING INC,Canada
AU000000SAR9,SARACEN MINERAL HOLDINGS LIMITED,Australia
SE0006288015,GRANGES AB,Sweden
CA74139C1023,PRETIUM RESOURCES INC,Canada
CA0115321089,ALAMOS GOLD INC,Canada
NL0010558797,OCI NV,Netherlands
TW0001722007,TAIWAN FERTILIZER COMPANY LIMITED,Taiwan
CA67077M1086,Nutrien Ltd.,Canada
AU000000NUF3,NUFARM LIMITED,Australia
US0537741052,"AVIS BUDGET GROUP, INC.",United States
SG1N31909426,COMFORTDELGRO CORPORATION LTD,Singapore
GB00B6YTLS95,STAGECOACH GROUP PLC,United Kingdom
GB0003452173,FIRSTGROUP PLC,United Kingdom
GB0006215205,NATIONAL EXPRESS GROUP PLC,United Kingdom
ID1000108103,PT Jasa Marga (Persero) Tbk,Indonesia
TW0002633005,TAIWAN HIGH SPEED RAIL CORPORATION,Taiwan
AU000000TCL6,TRANSURBAN GROUP,Australia
JP3729400006,NIPPON EXPRESS CO LIMITED,Japan
FR0010533075,GETLINK SE,France
GB00B41H7391,NORTHGATE PLC,United Kingdom
FR0012789949,EUROPCAR MOBILITY GROUP SA,France
KYG190211071,CAR INC,China
GB00BK1PTB77,AGGREKO PLC,United Kingdom
INE053A01029,INDIAN HOTELS COMPANY LTD,India
SG1T49930665,BANYAN TREE HOLDINGS LTD,Singapore
LK0003N00000,Aitken Spence Hotel Holdings PLC,Sri Lanka
ZAE000117792,CITY LODGE HOTELS LTD,South Africa
KYG4290A1013,Haidilao International Holding Ltd.,China
BMG1744V1037,CAFE DE CORAL HOLDINGS LTD.,Hong Kong
TW0002704004,AMBASSADOR HOTEL LTD,Taiwan
HK0308001558,CHINA TRAVEL INTERNATIONAL INVESTMENT HONG KONG LIMITED,Hong Kong
HK0045000319,HONGKONG AND SHANGHAI HOTELS LIMITED (THE),Hong Kong
KYG982971072,"Xiabuxiabu Catering Management (China) Holdings Co., Ltd.",China
FR0012435121,ELIS SERVICES SA,France
ES0176252718,MELIA HOTELS INTERNATIONAL SA,Spain
ZAE000053328,FAMOUS BRANDS LIMITED,South Africa
TH0128B10Z09,MINOR INTERNATIONAL PUBLIC COMPANY LIMITED,Thailand
MXP001391012,ALSEA S.A.B. DE C.V.,Mexico
ES0161560018,NH HOTEL GROUP SA,Spain
GB00B1JQDM80,MARSTON'S PLC,United Kingdom
GB00B1FP6H53,MITCHELLS & BUTLERS PLC,United Kingdom
GB0001638955,J D WETHERSPOON PLC,United Kingdom
GB00B63QSB39,GREGGS PLC,United Kingdom
AU000000DOW2,DOWNER EDI LIMITED,Australia
ES0105229001,PROSEGUR CASH SA,Spain
US98310W1080,WYNDHAM DESTINATIONS INC,United States
JP3542800002,"Imperial Hotel, Ltd.",Japan
FR0000120966,SOCIETE B I C SA,France
GB00B0YG1K06,RESTAURANT GROUP PLC,United Kingdom
GB0009697037,BABCOCK INTERNATIONAL GROUP PLC,United Kingdom
ES0175438003,"PROSEGUR, COMPANIA DE SEGURIDAD, S.A.",Spain
US8581552036,STEELCASE INC.,United States
GB00BRB37M78,DIGNITY PLC,United Kingdom
GB00B01FLG62,G4S PLC,United Kingdom
GB00BGBN7C04,SSP GROUP LIMITED,United Kingdom
US7244791007,PITNEY BOWES INC.,United States
SE0007100359,PANDOX AB,Sweden
GB00BMSKPJ95,AA PLC,United Kingdom
GB00BYN59130,DOMINO'S PIZZA GROUP PLC,United Kingdom
TW0009917005,TAIWAN SECOM COMPANY LIMITED,Taiwan
SE0007640156,SCANDIC HOTELS GROUP AB,Sweden
JP3192400004,OKAMURA CORPORATION,Japan
JP3431900004,SOHGO SECURITY SERVICES CO. LTD,Japan
FR0012757854,SPIE SA,France
GB00B1L8B624,EI GROUP PLC,United Kingdom
JP3297000006,KOKUYO CO LTD,Japan
FI4000062781,CAVERION OYJ,Finland
AU000000BXB1,BRAMBLES LIMITED,Australia
GB00BYYTFB60,HOMESERVE PLC,United Kingdom
FR0000066672,GL EVENTS SA,France
DK0060542181,ISS AS,Denmark
GB00B02QND93,PAYPOINT PLC,United Kingdom
GB0031215220,CARNIVAL PLC,United States
BMG653181005,Nine Dragons Paper (Holdings) Limited,Hong Kong
TW0001905008,CHUNG HWA PULP CORPORATION,Taiwan
US3886891015,GRAPHIC PACKAGING HOLDING COMPANY,United States
CL0000001314,EMPRESAS CMPC S.A.,Chile
ES0130625512,ENCE ENERGIA Y CELULOSA SA,Spain
JP3721600009,NIPPON PAPER INDUSTRIES COMPANY LIMITED,Japan
US92531L2079,VERSO CORP,United States
US76117W1099,RESOLUTE FOREST PRODUCTS INC,Canada
KR7009580002,MOORIM P&P COMPANY LIMITED,South Korea
JP3174410005,OJI HOLDINGS CORPORATION,Japan
FI0009000665,METSA BOARD OYJ,Finland
BRSUZBACNOR0,SUZANO SA,Brazil
BRKLBNACNPR9,Klabin S.A.,Brazil
AU000000ORA8,ORORA LTD,Australia
US2575592033,DOMTAR CORPORATION,United States
US18538R1032,CLEARWATER PAPER CORPORATION,United States
KYG368441195,FUFENG GROUP LIMITED,China
ZAE000006896,SASOL LTD,South Africa
US1638511089,CHEMOURS CO,United States
JP3158800007,UBE INDUSTRIES LTD,Japan
AU000000IPL1,INCITEC PIVOT LTD,Australia
KR7010060002,OCI COMPANY LIMITED,South Korea
KR7004000006,LOTTE FINE CHEMICAL CO LTD,South Korea
US4470111075,HUNTSMAN CORPORATION,United States
JP3485800001,DAICEL CORPORATION,Japan
JP3896800004,MITSUBISHI GAS CHEMICAL COMPANY INCORPORATED,Japan
JP3897700005,MITSUBISHI CHEMICAL HOLDINGS CORPORATION,Japan
JP3368000000,SHOWA DENKO KABUSHIKI KAISHA,Japan
JP3401400001,SUMITOMO CHEMICAL CO LIMITED,Japan
FI0009004824,KEMIRA OYJ,Finland
JP3670800006,NISSAN CHEMICAL CORP,Japan
CNE1000002V2,CHINA TELECOM CORP LTD,China
ZAE000044897,TELKOM SA SOC LTD,South Africa
RU0008943394,ROSTELEKOM PAO,Russia
KW0EQ0601058,MOBILE TELECOMMUNICATIONS COMPANY KSCP,Kuwait
HK0941009539,CHINA MOBILE LIMITED,Hong Kong
MYL6888OO001,AXIATA GROUP BHD,Malaysia
MA0000011488,ITISSALAT AL MAGHRIB STE SA,Morocco
TW0003682001,ASIA PACIFIC TELECOM CO LTD,Taiwan
PHY272571498,GLOBE TELECOM INCORPORATED,Philippines
PHY7072Q1032,PLDT INC,Philippines
ZAE000042164,MTN GROUP LIMITED,South Africa
MYL6947OO005,DIGI.COM BERHAD,Malaysia
MX01AX040009,AXTEL S.A.B. DE C.V.,Mexico
MYL6012OO008,MAXIS BERHAD,Malaysia
KR7032640005,LG UPLUS CORPORATION,South Korea
TH0268010Z03,ADVANCED INFO SERVICE PUBLIC COMPANY LIMITED,Thailand
ZAE000132577,VODACOM GROUP,South Africa
RU0007775219,MOBIL'NYE TELESISTEMY PAO,Russia
TH0375010Z06,TRUE CORPORATION PUBLIC COMPANY LIMITED,Thailand
GRS260333000,HELLENIC TELECOMMUNICATIONS ORGANISATION S.A.,Greece
TW0004904008,FAR EASTONE TELECOMMUNICATIONS COMPANY LIMITED,Taiwan
AEE000701012,EMIRATES INTEGRATED TELECOMMUNICATIONS COMPANY PJSC,United Arab Emirates
KYG4672G1064,HUTCHISON TELECOM HONG KONG HOLDINGS LIMITED,Hong Kong
ARP9028N1016,TELECOM ARGENTINA SA,Argentina
AU000000TLS2,TELSTRA CORPORATION LIMITED,Australia
KR7017670001,SK TELECOM CO LTD,South Korea
MXP001691213,AMERICA MOVIL S.A.B. DE C.V.,Mexico
TW0003045001,TAIWAN MOBILE CO LTD,Taiwan
HK0000093390,HKT TRUST AND HKT LTD,Hong Kong
AT0000720008,TELEKOM AUSTRIA AG,Austria
KR7030200000,KT CORPORATION,South Korea
HK0008011667,PCCW LIMITED,Hong Kong
INE151A01013,Tata Communications Limited,India
KYG451581055,HKBN Ltd.,Hong Kong
SG1T75931496,SINGAPORE TELECOMMUNICATIONS LIMITED,Singapore
DE000A1J5RX9,TELEFONICA DEUTSCHLAND HOLDING AG,Germany
JP3735400008,NIPPON TELEGRAPH AND TELEPHONE CORPORATION,Japan
HK1883037637,CITIC Telecom International Holdings Limited,Hong Kong
JP3165650007,NTT DOCOMO INCORPORATED,Japan
SG1V12936232,STARHUB LTD,Singapore
NZCNUE0001S2,CHORUS LIMITED,New Zealand
KE1000001402,SAFARICOM PLC,Kenya
ES0105075008,"Euskaltel, S.A.",Spain
JP3496400007,KDDI CORPORATION,Japan
COI13PA00014,EMPRESA DE TELECOMUNICACIONES DE BOGOTA SA,Colombia
CA87971M1032,TELUS CORPORATION,Canada
CA05534B7604,BCE INC,Canada
FI4000062385,DNA OYJ,Finland
HRHT00RA0005,Hrvatski Telekom d.d.,Croatia
DE000A0Z2ZZ5,FREENET AG,Germany
CA7751092007,ROGERS COMMUNICATIONS INC,Canada
JP3436100006,SOFTBANK GROUP CORP,Japan
CNE100003688,China Tower Corporation Limited,China
GB00B4YCDF59,TALKTALK TELECOM GROUP PLC,United Kingdom
ZAE000179438,RCL FOODS LTD,South Africa
TW0001737005,TAIYEN BIOTECH COMPANY LIMITED,Taiwan
SG1U47933908,Indofood Agri Resources Ltd.,Singapore
ES0112501012,EBRO FOODS SA,Spain
ZAE000025284,OCEANA GROUP LIMITED,South Africa
ZAE000029757,ASTRAL FOODS LIMITED,South Africa
FI0009006548,Atria Oyj,Finland
SA000A0ETHT1,Almarai Company,Saudi Arabia
ES0184262212,VISCOFAN SA,Spain
US55302T2042,MHP SE,Ukraine
GB0002670437,DEVRO PLC,United Kingdom
ID1000126907,PT Japfa Comfeed Indonesia Tbk,Indonesia
KYG2743Y1061,DALI FOODS GROUP CO LTD,China
AT000AGRANA3,AGRANA Beteiligungs-Aktiengesellschaft,Austria
TW0001702009,NAMCHOW HOLDINGS CO LTD,Taiwan
BMG2154F1095,CHINA FOODS LIMITED,Hong Kong
KYG9431R1039,WANT WANT CHINA HOLDINGS LIMITED,China
KYG8878S1030,TINGYI (CAYMAN ISLANDS) HOLDING CORPORATION,China
KYG9222R1065,UNI-PRESIDENT CHINA HOLDINGS LIMITED,China
TW0001232007,TTET UNION CORPORATION,Taiwan
JP3119600009,AJINOMOTO COMPANY INCORPORATED,Japan
CNE000000XM3,HENAN SHUANGHUI INVESTMENT & DEVELOPMENT,China
US72147K1088,PILGRIM'S PRIDE CORPORATION,United States
TW0001236008,"Hunya Foods Co., Ltd.",Taiwan
BMG211591018,CHINA YURUN FOOD GROUP LIMITED,China
SE0011337708,AAK AB (publ.),Sweden
IL0007460160,STRAUSS GROUP LTD,Israel
KYG522401010,Kee Song Bio-Technology Holdings Limited,Taiwan
TW0001215002,CHAROEN POKPHAND ENTERPRISETAIWAN CO LTD,Taiwan
TREULKR00015,ULKER BISKUVI SANAYI A.S.,Turkey
JP3675600005,NISSIN FOODS HOLDINGS CO LIMITED,Japan
CA8029121057,SAPUTO INC.,Canada
MXP495211262,GRUPO BIMBO S.A.B. DE C.V.,Mexico
KR7003920006,NAMYANG DAIRY PRODUCTS COMPANY LIMITED,South Korea
TW0001231009,LIAN HWA FOODS CORP,Taiwan
JP3613000003,TOYO SUISAN KAISHA LIMITED,Japan
KR7004370003,NONGSHIM COMPANY LIMITED,South Korea
NO0010310956,SALMAR ASA,Norway
US3434981011,"FLOWERS FOODS, INC.",United States
GB00BF8J3Z99,Bakkavor Group plc,United Kingdom
FR0000063935,BONDUELLE,France
KR7005180005,BING-GRAE COMPANY LIMITED,South Korea
JP3220580009,CALBEE INCORPORATED,Japan
JP3831400001,BOURBON CORPORATION,Japan
FI0009006308,HKSCAN CORPORATION,Finland
TW0001219004,FWUSOW INDUSTRY COMPANY LIMITED,Taiwan
KYG984191075,Yihai International Holding Ltd.,China
FR0000121857,BEL SA,France
JP3918000005,MEIJI HOLDINGS COMPANY LIMITED,Japan
TW0001217008,A.G.V. PRODUCTS CORP,Taiwan
GB00B7N0K053,PREMIER FOODS PLC,United Kingdom
JP3743000006,NH FOODS LTD,Japan
JP3665200006,NICHIREI CORPORATION,Japan
JP3240400006,KIKKOMAN CORPORATION,Japan
SE0002626861,CLOETTA AB,Sweden
JP3931600005,YAKULT HONSHA CO LTD,Japan
SE0005999760,Scandi Standard AB (publ),Sweden
JP3765400001,HOUSE SHOKUHIN GROUP HONSHA KK,Japan
KR7097950000,CJ CHEILJEDANG CORP,South Korea
CH0315966322,BELL FOOD GROUP AG,Switzerland
TW0001216000,UNI PRESIDENT ENTERPRISES CORPORATION,Taiwan
TW0001225001,FORMOSA OILSEED PROCESSING COMPANY LIMITED,Taiwan
MX01HE010008,GRUPO HERDEZ S.A.B. DE C.V.,Mexico
CL0001880955,AES GENER S.A.,Chile
JP3551200003,"ELECTRIC POWER DEVELOPMENT CO.,LTD",Japan
TH0465010005,ELECTRICITY GENERATING PUBLIC COMPANY LIMITED,Thailand
TH0637010Y00,RATCH GROUP PCL,Thailand
CNE100001336,"Beijing Jingneng Clean Energy Co., Limited",China
CLP3710M1090,ENEL GENERACION CHILE SA,Chile
IT0001157020,ERG SPA,Italy
CA6665111002,NORTHLAND POWER INC,Canada
TRAZOREN91L8,ZORLU ENERJI AS,Turkey
DE000UNSE018,UNIPER SE,Germany
IT0005211237,ITALGAS SPA,Italy
KYG183221004,Canvest Environmental Protection Group Company Limited,Hong Kong
IT0003198790,FALCK RENEWABLES SPA,Italy
BREGIEACNOR9,ENGIE BRASIL ENERGIA SA,Brazil
NO0010715139,SCATEC SOLAR ASA,Norway
ES0127797019,EDP RENOVAVEIS,Spain
FR0000060402,ALBIOMA SA,France
US0185223007,"ALLETE, Inc.",United States
PHY2558N1203,FIRST PHILIPPINE HOLDINGS CORPORATION,Philippines
KR7015760002,KOREA ELECTRIC POWER CORPORATION,South Korea
AU000000AGL7,AGL ENERGY LTD,Australia
MYL6742OO000,YTL POWER INTERNATIONAL BERHAD,Malaysia
US69349H1077,"PNM RESOURCES, INC.",United States
US2836778546,EL PASO ELECTRIC COMPANY,United States
CA2908761018,EMERA INC.,Canada
CA1367178326,CANADIAN UTILITIES LIMITED,Canada
JP3845400005,HOKURIKU ELECTRIC POWER COMPANY,Japan
US4511071064,"IDACORP, INC.",United States
US7365088472,PORTLAND GENERAL ELECTRIC COMPANY,United States
CZ0005112300,CEZ A.S,Czech Republic
MYL5347OO009,TENAGA NASIONAL BERHAD,Malaysia
MYL4677OO000,YTL CORPORATION BERHAD,Malaysia
CA0467894006,ATCO LTD,Canada
CA0158571053,ALGONQUIN POWER & UTILITIES CORPORATION,Canada
JP3526600006,CHUBU ELECTRIC POWER CO INC,Japan
JP3850200001,HOKKAIDO ELECTRIC POWER COMPANY INCORPORATED,Japan
JP3350800003,SHIKOKU ELECTRIC POWER CO INC,Japan
JP3605400005,TOHOKU ELECTRIC POWER CO INC,Japan
US69331C1080,PG&E CORPORATION,United States
JP3522200009,CHUGOKU ELECTRIC POWER CO INC,Japan
JP3585800000,TOKYO ELECTRIC POWER COMPANY INCORPORATED (THE),Japan
JP3228600007,KANSAI ELECTRIC POWER COMPANY  INCORPORATED (THE),Japan
JP3246400000,KYUSHU ELECTRIC POWER CO INC,Japan
AT0000741053,EVN AKTIENGESELLSCHAFT,Austria
AU000000AST5,AUSNET SERVICES LTD,Australia
AT0000746409,VERBUND AG,Austria
US05351W1036,"Avangrid, Inc.",United States
PTREL0AM0008,"REN - REDES ENERGETICAS NACIONAIS, SGPS, S.A.",Portugal
AU000000EPW7,ERM POWER LTD,Australia
MYL4502OO000,MEDIA PRIMA BHD,Malaysia
HK0000139300,TELEVISION BROADCASTS LIMITED,Hong Kong
IT0001398541,GEDI GRUPPO EDITORIALE SPA,Italy
IT0001063210,MEDIASET,Italy
FR0000077919,JCDECAUX SA,France
ZAE000170049,PPC LTD,South Africa
IT0001347308,BUZZI UNICEM SPA,Italy
CNE100000F20,BBMG CORPORATION,China
TW0001108009,Lucky Cement Corporation,Taiwan
NL0013995087,Cementir Holding N.V.,Italy
ZAE000054045,AFRICAN RAINBOW MINERALS LIMITED,South Africa
AU000000S320,SOUTH32 LTD,Australia
FR0000031775,VICAT SA,France
MX01GC2M0006,GRUPO CEMENTOS DE CHIHUAHUA S.A.B. DE C.V.,Mexico
EST01PA00013,CEMEX LATAM HOLDING SA,Colombia
COD38PA00046,CEMENTOS ARGOS S.A.,Colombia
MXP225611567,CEMEX SAB DE CV,Mexico
GB00BYW6GV68,FERROGLOBE PLC,United Kingdom
JP3449020001,TAIHEIYO CEMENT CORPORATION,Japan
CA05337L1067,Avalon Advanced Materials Inc.,Canada
AU000000ABC7,ADELAIDE BRIGHTON LIMITED,Australia
TH0003010Z04,SIAM CEMENT PUBLIC COMPANY LIMITED (THE),Thailand
KR7003670007,POSCO CHEMICAL CO LTD,South Korea
AU000000ILU1,ILUKA RESOURCES LIMITED,Australia
CNE1000009Y1,"Jinduicheng Molybdenum Co., Ltd.",China
ZAE000030912,NORTHAM PLATINUM LTD,South Africa
MXP370841019,GRUPO MEXICO S.A.B DE C.V.,Mexico
BMG702781094,Petra Diamonds Limited,United Kingdom
TW0001101004,TAIWAN CEMENT CORPORATION,Taiwan
VGG379591065,GEM DIAMONDS LIMITED,United Kingdom
CA14068G1046,CAPSTONE MINING CORPORATION,Canada
JP3407200009,OSAKA TITANIUM TECHNOLOGIES CO.LIMITED.,Japan
FR0000131757,ERAMET,France
LU1701428291,Nexa Resources S.A.,Luxembourg
AU000000BHP4,BHP GROUP LTD,Australia
JP3400900001,SUMITOMO OSAKA CEMENT COMPANY LIMITED,Japan
JP3903000002,MITSUBISHI MATERIALS CORPORATION,Japan
AT0000831706,WIENERBERGER AG,Austria
ID1000106602,ANEKA TAMBANG TBK PT,Indonesia
MXP554091415,INDUSTRIAS PENOLES S.A.B. DE CV,Mexico
ZAE000083648,IMPALA PLATINUM HOLDINGS LIMITED,South Africa
FR0000120859,IMERYS SA,France
AU000000WSA9,WESTERN AREAS LTD,Australia
AU000000BLD2,BORAL LIMITED,Australia
NL0000888691,AMG ADVANCED METALLURGICAL GROUP N.V.,Netherlands
AU000000RIO1,RIO TINTO LIMITED,United Kingdom
JP3638600001,DOWA HOLDINGS COMPANY LIMITED,Japan
CA54928Q1081,LUCARA DIAMOND CORP,Canada
CA4436281022,HUDBAY MINERALS INC,Canada
AU000000BKW4,BRICKWORKS LIMITED,Australia
CA8787422044,TECK RESOURCES LIMITED,Canada
CNE100000114,CHINA MOLYBDENUM LUOYANG CO LTD,China
AU000000MIN4,MINERAL RESOURCES LTD,Australia
RU0007288411,GMK NORIL'SKIY NIKEL' PAO,Russia
HK3377040226,SINO-OCEAN GROUP HOLDING LTD,China
TW0006803000,ECOVE ENVIRONMENT CORP,Taiwan
US22282E1029,COVANTA HOLDING CORPORATION,United States
PHY000221069,"A Brown Company, Inc.",Philippines
HK0019000162,SWIRE PACIFIC LIMITED,Hong Kong
FR0000039109,SECHE ENVIRONNEMENT,France
KW0EQ0400725,MABANEE COMPANY KPSC,Kuwait
KYG2453A1085,Country Garden Services Holdings Company Limited,China
PHY731961264,ROBINSON'S LAND CORPORATION,Philippines
LU0251710041,CPI PROPERTY GROUP SA,Luxembourg
AU000000CWY3,CLEANAWAY WASTE MANAGEMENT LTD,Australia
KYG826001003,SOHO CHINA LIMITED,China
GB00B0D5V538,RAVEN PROPERTY GROUP LTD,Guernsey
HK0000150521,LANGHAM HOSPITALITY INVESTMENTS LTD,Hong Kong
GB0007995243,RENEWI PLC,United Kingdom
JP3131430005,AEON MALL COMPANY LIMITED,Japan
SG1T74931364,Yoma Strategic Holdings Ltd.,Singapore
AU000000BIN7,BINGO INDUSTRIES LTD,Australia
JE00B3DCF752,Atrium European Real Estate Limited,Jersey
TH0481B10Z00,CENTRAL PATTANA PUBLIC COMPANY LIMITED,Thailand
CLP763281068,PARQUE ARAUCO S.A.,Chile
HK0010000088,HANG LUNG GROUP LIMITED,Hong Kong
HK0101000591,HANG LUNG PROPERTIES LIMITED,Hong Kong
AEA002001013,Aldar Properties PJSC,United Arab Emirates
US4158641070,Harsco Corporation,United States
MYL5211OO007,SUNWAY BHD,Malaysia
PHY123111098,CEBU HOLDINGS INCORPORATED,Philippines
SG1J27887962,CAPITALAND LIMITED,Singapore
KYG720051047,POWERLONG REAL ESTATE HOLDINGS LIMITED,China
FI4000369947,CITYCON OYJ,Finland
HK0004000045,WHARF HOLDINGS LTD,Hong Kong
PHY0488F1004,AYALA LAND INC,Philippines
BMG5210S1061,Joy City Property Limited,Hong Kong
HK0014000126,HYSAN DEVELOPMENT COMPANY LIMITED,Hong Kong
SG1R89002252,CITY DEVELOPMENTS LIMITED,Singapore
PHY0775S1043,Belle Corporation,Philippines
KYG9593A1040,Wharf Real Estate Investment Company Limited,Hong Kong
SG2G52000004,FRASERS PROPERTY LTD,Singapore
BMG524401079,KERRY PROPERTIES LIMITED,Hong Kong
KYG5635P1090,LONGFOR GROUP HOLDINGS LTD,China
SE0000379190,CASTELLUM AB,Sweden
KYG7956A1094,Seazen Group Limited,China
GB0007973794,SERCO GROUP PLC,United Kingdom
FI0009010854,LASSILA & TIKANOJA PUBLIC LIMITED COMPANY,Finland
CH0011108872,MOBIMO HOLDING AG,Switzerland
SE0000549412,KUNGSLEDEN AB,Sweden
JP3899600005,MITSUBISHI ESTATE CO LIMITED,Japan
HK0000608585,New World Development Company Limited,Hong Kong
GB00BF044593,CLS HOLDINGS PLC,United Kingdom
CA6175771014,MORGUARD CORP,Canada
HK0016000132,SUN HUNG KAI PROPERTIES LIMITED,Hong Kong
AU000000LLC3,LENDLEASE GROUP,Australia
KYG2177B1014,CK ASSET HOLDINGS LTD,Hong Kong
HK0817039453,CHINA JINMAO HOLDINGS GROUP LTD,Hong Kong
HK0012000102,HENDERSON LAND DEVELOPMENT COMPANY LIMITED,Hong Kong
SG1S83002349,UOL GROUP LIMITED,Singapore
BMG4600H1016,HOPSON DEVELOPMENT HOLDINGS LIMITED,Hong Kong
KYG2108Y1052,CHINA RESOURCES LAND LIMITED,Hong Kong
JP3893200000,MITSUI FUDOSAN CO LTD,Japan
CH0018294154,PSP SWISS PROPERTY AG,Switzerland
JP3569200003,Tokyu Fudosan Holdings Corporation,Japan
KYG9704H1056,Winfull Group Holdings Limited,Hong Kong
SE0000455057,Fastighets AB Balder (publ),Sweden
HK0688002218,CHINA OVERSEAS LAND & INVESTMENT LIMITED,Hong Kong
SE0000170375,HUFVUDSTADEN AB,Sweden
GB00BCKFY513,FOXTONS GROUP PLC,United Kingdom
KYG2140A1076,CIFI HOLDINGS (GROUP) CO LTD,China
CNE100000262,BEIJING NORTH STAR COMPANY LIMITED,China
SE0007074844,WALLENSTAM AB,Sweden
MYL5236OO004,Matrix Concepts Holdings Berhad,Malaysia
SE0011205194,WIHLBORG FASTIGHETER AB,Sweden
JP3762900003,"NOMURA REAL ESTATE HOLDINGS, INC",Japan
NO0010716418,ENTRA ASA,Norway
GB0007594764,RPS GROUP PLC,United Kingdom
BMG2117K1045,CHINA OCEANWIDE HOLDINGS LTD,Hong Kong
NO0010317811,NORWEGIAN PROPERTY ASA,Norway
JP3582600007,TOKYO TATEMONO CO. LTD,Japan
GB00B62G9D36,CAPITAL & COUNTIES PROPERTIES PLC,United Kingdom
KYG555551095,LOGAN PROPERTY HOLDINGS CO LTD,China
US88162G1031,"TETRA TECH, INC.",United States
JP3360800001,HULIC COMPANY LIMITED,Japan
MX01VE0M0003,Corporacin Inmobiliaria Vesta S.A.B. de C.V.,Mexico
GB0004657408,MITIE GROUP PLC,United Kingdom
JP3505000004,DAIWA HOUSE INDUSTRY COMPANY LIMITED,Japan
INE271C01023,DLF LTD.,India
BMG4491W1001,MIDLAND HOLDINGS LIMITED,Hong Kong
GB0007276115,LOKN STORE GROUP PLC,United Kingdom
KYG2119W1069,CHINA EVERGRANDE GROUP,China
KYG521321003,Kaisa Group Holdings Ltd.,China
GB00B04V1276,GRAINGER PLC,United Kingdom
JP3167500002,LEOPALACE21 CORPORATION,Japan
GB00B135BJ46,SAVILLS PLC,United Kingdom
AT0000A21KS2,IMMOFINANZ AG,Austria
KYG532241042,KWG GROUP HOLDINGS LTD,China
HK0000063609,SWIRE PROPERTIES LIMITED,Hong Kong
CA94106B1013,WASTE CONNECTIONS INC,United States
ZAE000273116,Tsogo Sun Gaming Limited,South Africa
BMG6389N1002,Nan Hai Corporation Limited,China
GB00B15FWH70,CINEWORLD GROUP PLC,United Kingdom
PHY0927M1046,Bloomberry Resorts Corporation,Philippines
US91879Q1094,"VAIL RESORTS, INC.",United States
AU000000VRL0,VILLAGE ROADSHOW LIMITED,Australia
AU000000CWN6,CROWN RESORTS LTD,Australia
KYG607441022,MGM CHINA HOLDINGS LTD,Macau
MYL4715OO008,GENTING MALAYSIA BERHAD,Malaysia
AU000000SGR6,STAR ENTERTAINMENT GROUP LTD,Australia
KR7035250000,KANGWON LAND INC,South Korea
SGXE21576413,GENTING SINGAPORE LTD,Singapore
FR0000053324,COMPAGNIE DES ALPES,France
SE0012141687,SKISTAR AB,Sweden
GB00B1L5QH97,RANK GROUP PLC,United Kingdom
JP3198900007,ORIENTAL LAND COMPANY LTD,Japan
GB00BVG7F061,INTERNATIONAL GAME TECHNOLOGY PLC,United States
GB0031698896,WILLIAM HILL PLC,United Kingdom
SE0014186656,NetEnt AB (publ),Sweden
GI000A0F6407,888 HOLDINGS PLC,Gibraltar
IM00B7S9G985,PLAYTECH PLC,Isle of Man
AU000000TAH8,TABCORP HOLDINGS LIMITED,Australia
SE0014186532,Betsson AB,Sweden
SE0000412371,MODERN TIMES GROUP MTG AB,Sweden
GRS419003009,GREEK ORGANISATION OF FOOTBALL PROGNOSTICS SA,Greece
GB00BGDT3G23,RIGHTMOVE PLC,United Kingdom
SE0007871645,KINDRED GROUP PLC,Malta
KYG981491007,WYNN MACAU LIMITED,Macau
BMG2155Y1075,CITIC RESOURCES HOLDINGS LIMITED,Hong Kong
ZAE000026639,BARLOWORLD LIMITED,South Africa
JP3898400001,MITSUBISHI CORPORATION,Japan
JP3893600001,MITSUI & CO LIMITED,Japan
GB0009286963,VP PLC,United Kingdom
GB0000163088,SPEEDY HIRE PLC,United Kingdom
GB0005576813,HOWDEN JOINERY GROUP PLC,United Kingdom
IE00B00MZ448,GRAFTON GROUP PLC,Ireland
US91336L1070,UNIVAR INC,United States
JP3877600001,MARUBENI CORPORATION,Japan
GB0001826634,DIPLOMA PLC,United Kingdom
FR0010451203,REXEL S.A.,France
NL0010801007,IMCD GROUP BV,Netherlands
DE000A0LD6E6,GERRESHEIMER AG,Germany
KR7207940008,SAMSUNG BIOLOGICS CO LTD,South Korea
CNE1000031K4,"WuXi AppTec Co., Ltd.",China
GB0002074580,GENUS PLC,United Kingdom
KYG8875G1029,3SBIO INC,China
AU000000CSL8,CSL LIMITED,Australia
FR0013154002,SARTORIUS STEDIM BIOTECH SA,France
DK0015998017,BAVARIAN NORDIC AS,Denmark
CH0363463438,IDORSIA LTD,Switzerland
KYG3958R1092,GOLDEN EAGLE RETAIL GROUP LIMITED,China
KYG693701156,PARKSON RETAIL GROUP LTD,China
KYG650071098,NEW WORLD DEPARTMENT STORE CHINA LIMITED,Hong Kong
JP3802600001,FAMILYMART UNY HOLDINGS CO LTD,Japan
ZAE000012084,SHOPRITE HOLDINGS LIMITED,South Africa
HK0000083920,SUN ART RETAIL GROUP LIMITED,Hong Kong
MXP8728U1671,"Organizacin Soriana, S. A. B. de C. V.",Mexico
TREMGTI00012,MIGROS TICARET AS,Turkey
ZAE000005443,PICK N PAY STORES LIMITED,South Africa
ZAE000058236,LEWIS GROUP LTD,South Africa
DE000BFB0019,Metro AG,Germany
ZAE000063863,WOOLWORTHS HOLDINGS LIMITED,South Africa
CNE1000003P2,LIANHUA SUPERMARKET HOLDINGS CO LTD,China
ZAE000152617,MASSMART HOLDINGS LIMITED,South Africa
AU000000WES1,WESFARMERS LIMITED,Australia
TW0002903002,FAR EASTERN DEPARTMENT STORES LTD.,Taiwan
US9488491047,WEIS MARKETS INC,United States
ZAE000200457,MR PRICE GROUP LTD,South Africa
ZAE000259479,PEPKOR HOLDINGS LTD,South Africa
ZAE000148466,FOSCHINI GROUP LTD,South Africa
ZAE000028296,TRUWORTHS INTERNATIONAL LIMITED,South Africa
AU0000030678,Coles Group Limited,Australia
ZAE000134854,CLICKS GROUP LIMITED,South Africa
TW0002912003,PRESIDENT CHAIN STORE CORP.,Taiwan
JP3422950000,SEVEN & I HOLDINGS COMPANY LTD,Japan
JP3870400003,"MARUI GROUP CO., LIMITED",Japan
KR7023530009,LOTTE SHOPPING COMPANY LIMITED,South Korea
GB00B18P5K83,TOPPS TILES PLC,United Kingdom
JP3386380004,"J FRONT RETAILING CO.,LIMITED.",Japan
FR0000060618,RALLYE,France
US04351G2003,"Ascena Retail Group, Inc.",United States
FR0000125585,"CASINO, GUICHARD-PERRACHON ET CIE",France
KYG548561284,LIFESTYLE INTERNATIONAL HOLDINGS LTD,Hong Kong
KYG450481083,HENGDELI HOLDINGS LIMITED,Hong Kong
TW0005904007,POYA CO LTD,Taiwan
US1220171060,"Burlington Stores, Inc.",United States
GB00BJTNFH41,AO WORLD PLC,United Kingdom
LU1072616219,B&M EUROPEAN VALUE RETAIL SA,United Kingdom
US5002551043,KOHL'S CORPORATION,United States
US55616P1049,MACY'S INC,United States
GB00B1QH8P22,SPORTS DIRECT INTERNATIONAL PLC,United Kingdom
JP3774600005,H2O RETAILING CORP,Japan
JP3939000000,"YAMADA DENKI CO., LTD.",Japan
GB00BLY2F708,CARD FACTORY PLC,United Kingdom
GB00BJ62K685,PETS AT HOME GROUP PLC,United Kingdom
JP3894900004,ISETAN MITSUKOSHI HOLDINGS LIMITED,Japan
US6556641008,NORDSTROM INC,United States
US9699041011,"WILLIAMS-SONOMA, INC.",United States
KYG211461085,CHOW TAI FOOK JEWELLERY GROUP LTD,Hong Kong
GB0009067447,Mothercare plc,United Kingdom
GB00B1CKQ739,DUNELM GROUP PLC,United Kingdom
US4016171054,GUESS? INC,United States
FI0009000202,KESKO OYJ,Finland
GB00B2PDGW16,WH SMITH PLC,United Kingdom
US8865471085,TIFFANY & CO,United States
DE0007446007,TAKKT AG,Germany
GB00B60BD277,SUPERDRY PLC,United Kingdom
GB00BYX91H57,JD SPORTS FASHION PLC,United Kingdom
US74915M1009,"Qurate Retail, Inc.",United States
GB00B1P6ZR11,N BROWN GROUP PLC,United Kingdom
FR0011476928,FNAC DARTY SA,France
GB00B4Y7R145,DIXONS CARPHONE PLC,United Kingdom
MX01WA000038,WAL-MART DE MEXICO S.A.B. DE C.V.,Mexico
ZAE000161832,SUPER GROUP LIMITED,South Africa
SE0002110064,Mekonomen AB (publ),Sweden
CNE1000004B0,"Xinhua Winshare Publishing and Media Co., Ltd.",China
GB00B012TP20,HALFORDS GROUP PLC,United Kingdom
JP3243600008,CANON MARKETING JAPAN INC,Japan
KYG215A81084,China ZhengTong Auto Services Holdings Limited,China
KYG2117W1087,China Beidahuang Industry Group Holdings Limited,Hong Kong
BE0003816338,EURONAV NV,Belgium
INE017A01032,GREAT EASTERN SHIPPING COMPANY LTD,India
US2946001011,Equitrans Midstream Corporation,United States
BMG8165U1009,SINOPEC KANTONS HOLDINGS LIMITED,Hong Kong
NL0009432491,KONINKLIJKE VOPAK NV,Netherlands
MHY8564W1030,TEEKAY CORPORATION,Bermuda
CNE1000002S8,COSCO SHIPPING ENERGY TRANSPORTATION CO LTD,China
MHY8565N3002,Teekay Tankers Ltd.,Canada
JP3417200007,Seibu Holdings Inc.,Japan
JP3659000008,WEST JAPAN RAILWAY CO,Japan
JP3783600004,EAST JAPAN RAILWAY COMPANY LIMITED,Japan
JP3566800003,CENTRAL JAPAN RAILWAY COMPANY,Japan
JP3247010006,KYUSHU RAILWAY CO,Japan
JP3653000004,NANKAI ELECTRIC RAILWAY CO LTD,Japan
ZAE000216537,BID CORPORATION LTD,South Africa
US9111631035,"UNITED NATURAL FOODS, INC.",United States
ZAE000058517,SPAR GROUP LIMITED,South Africa
CNE100000FN7,SINOPHARM GROUP CO LTD,China
TW0005902001,"Tait Marketing & Distribution Co., Ltd.",Taiwan
FI0009014351,ORIOLA OYJ,Finland
GB00BLT1Y088,SAGA PLC,United Kingdom
ES0105022000,APPLUS SERVICES SA,Spain
AU000000MMS5,MCMILLAN SHAKESPEARE LTD,Australia
JP3183200009,JAPAN EXCHANGE GROUP INC,Japan
CNE1000008M8,CHINA PACIFIC INSURANCE (GROUP) COMPANY LIMITED,China
TREENKA00011,ENKA INSAAT VE SANAYI A.S.,Turkey
SG1U68934629,KEPPEL CORPORATION LIMITED,Singapore
MXP000511016,ALFA SAB DE CV,Mexico
INE164A01016,BALMER LAWRIE AND COMPANY LTD,India
MX01GA000004,GRUPO AEROPORTUARIO DEL PACIFICO SAB DE CV,Mexico
TW0002618006,EVA AIRWAYS CORP,Taiwan
NO0010196140,NORWEGIAN AIR SHUTTLE ASA,Norway
TREPEGS00016,PEGASUS HAVA TASIMACILIGI AS,Turkey
JP3429800000,ANA HOLDINGS INC,Japan
CH0319416936,FLUGHAFEN ZURICH AG,Switzerland
INE133A01011,AKZO NOBEL INDIA LIMITED,India
GB0002418548,ELEMENTIS PLC,United Kingdom
US0441861046,ASHLAND GLOBAL HOLDINGS INC,United States
JP3715200006,NIPPON SHOKUBAI COMPANY LIMITED,Japan
TW0004755004,SAN FU CHEMICAL CO LTD,Taiwan
JP3684000007,NITTO DENKO CORPORATION,Japan
JP3493400000,DIC CORPORATION,Japan
JP3205800000,KAO CORP,Japan
BRCSMGACNOR5,COMPANIA SANEAMENTO DE MINAS GERAIS,Brazil
AU000000NXT8,NEXTDC LIMITED,Australia
KR7066570003,LG ELECTRONICS INCORPORATED,South Korea
BMG8181C1001,SKYWORTH DIGITAL HOLDINGS LTD,Hong Kong
US8715031089,SYMANTEC CORPORATION,United States
US98138H1014,WORKDAY INC,United States
GB00BJ1F4N75,MICRO FOCUS INTERNATIONAL PLC,United Kingdom
PTMEN0AE0005,MOTA-ENGIL SGPS SA,Portugal
CNE000000QF1,CHINA GEZHOUBA GROUP COMPANY LIMITED,China
TW0001802007,TAIWAN GLASS INDUSTRY CORPORATION,Taiwan
IT0003865570,SALINI IMPREGILO SPA,Italy
DE0006070006,HOCHTIEF AG,Germany
DK0010219153,ROCKWOOL INTERNATIONAL A/S,Denmark
PLBUDMX00013,BUDIMEX S.A.,Poland
CH0011795959,DORMAKABA HOLDING AG,Switzerland
GB0000961622,BALFOUR BEATTY PLC,United Kingdom
SE0001852419,LINDAB INTERNATIONAL AB,Sweden
CNE1000002G3,CHINA COMMUNICATIONS SERVICES CORPORATION LTD,China
GB0004915632,KIER GROUP PLC,United Kingdom
JP3210200006,KAJIMA CORPORATION,Japan
TW0002013000,CHINA STEEL STRUCTURE COMPANY LIMITED,Taiwan
SE0000106205,PEAB AB,Sweden
JP3190000004,OBAYASHI CORPORATION,Japan
JP3443600006,TAISEI CORPORATION,Japan
ES0182870214,SACYR SA,Spain
GB00B572ZV91,SOCO INTERNATIONAL PLC,United Kingdom
GB00B635TG28,ENQUEST PLC,United Kingdom
INE274J01014,OIL INDIA LIMITED,India
AU000000STO6,SANTOS LIMITED,Australia
CA9237251058,VERMILION ENERGY INC,Canada
INE213A01029,OIL & NATURAL GAS CORPORATION LIMITED,India
AU000000BPT9,BEACH ENERGY LIMITED,Australia
BMG1738J1247,BW OFFSHORE LIMITED,Norway
RU0009024277,NK LUKOIL PAO,Russia
CA2925051047,ENCANA CORP,Canada
NO0010345853,AKER BP ASA,Norway
SE0000825820,LUNDIN PETROLEUM AB,Sweden
NO0010199151,PGS ASA,Norway
US5006881065,KOSMOS ENERGY LIMITED,United States
FR0004548873,BOURBON CORPORATION SA,France
MYL4324OO009,HENGYUAN REFINING COMPANY BHD,Malaysia
CLP7847L1080,EMPRESAS COPEC S.A.,Chile
JP3142500002,"IDEMITSU KOSAN CO.,LTD",Japan
AU000000VCX7,VICINITY CENTRES,Australia
JP3048110005,NOMURA REAL ESTATE MASTER FUND INC,Japan
AU000000CQR9,CHARTER HALL RETAIL REIT,Australia
CA04315L1058,ARTIS REAL ESTATE INVESTMENT TRUST,Canada
GB00BLRLH124,ALLIED MINDS PLC,United Kingdom
SG2C81967185,FRASERS COMMERCIAL TRUST,Singapore
JP3045540006,UNITED URBAN INVESTMENT CORPORATION,Japan
GB0004065016,HAMMERSON PLC,United Kingdom
US2527843013,DIAMONDROCK HOSPITALITY COMPANY,United States
NL0000288876,EUROCOMMERCIAL PROPERTIES NV,Netherlands
SG1M77906915,ASCENDAS REAL ESTATE INVESTMENT TRUST,Singapore
SG1P32918333,CAPITALAND COMMERCIAL TRUST,Singapore
BE0003763779,WAREHOUSES DE PAUW COMM VA,Belgium
IM00BH3JLY32,RDI REIT PLC,United Kingdom
GB0006834344,INTU PROPERTIES PLC,United Kingdom
HK0000077468,FAR EAST HORIZON LIMITED,Hong Kong
US11282X1037,BROOKFIELD PROPERTY REIT INC,United States
NZKPGE0001S9,KIWI PROPERTY GROUP LTD,New Zealand
PHY0967S1694,BANK OF THE PHILIPPINE ISLANDS,Philippines
MX01GE0E0004,GENTERA SAB DE CV,Mexico
JP3200450009,ORIX CORPORATION,Japan
PHY9091H1069,UNION BANK OF THE PHILIPPINES,Philippines
GRS323003012,EUROBANK ERGASIAS SA,Greece
TH0150010Z03,KRUNG THAI BANK PUBLIC COMPANY LIMITED,Thailand
INE528G01027,YES BANK LIMITED,India
JP3500610005,RESONA HOLDINGS INC,Japan
RU000A0JP5V6,BANK VTB PAO,Russia
MYL1155OO000,MALAYAN BANKING BERHAD,Malaysia
SG1M31001969,UNITED OVERSEAS BANK LIMITED,Singapore
GB00BDGTXM47,ARROW GLOBAL GROUP PLC,United Kingdom
GB00B0PPFY88,HANSTEEN HOLDINGS PLC,United Kingdom
ES0113679I37,"BANKINTER, S.A.",Spain
AT0000606306,RAIFFEISEN BANK INTERNATIONAL AG,Austria
CH0102659627,GAM HOLDING AG,Switzerland
ZAE000179420,GROWTHPOINT PROPERTIES LIMITED,South Africa
BRITUBACNPR1,ITAU UNIBANCO HOLDING S.A.,Brazil
GB00BM7S7K96,ONESAVINGS BANK PLC,United Kingdom
ES0113307062,BANKIA SAU,Spain
AU000000NAB4,NATIONAL AUSTRALIA BANK LIMITED,Australia
JP3476480003,DAI-ICHI LIFE HOLDINGS INC,Japan
GB0001883718,CHARLES TAYLOR PLC,United Kingdom
DK0060636678,TRYG A/S,Denmark
BMG4593F1389,HISCOX PLC,Bermuda
US2241221017,CRAFT BREW ALLIANCE INCORPORATED,United States
IT0005252207,DAVIDE CAMPARI MILANO SPA,Italy
TW0001234003,HEY-SONG CORP,Taiwan
JP3293200006,COCA-COLA BOTTLERS JAPAN HOLDINGS INC,Japan
JP3336560002,SUNTORY BEVERAGE & FOOD LTD,Japan
TW0002448008,EPISTAR CORP,Taiwan
IL0011017329,MELLANOX TECHNOLOGIES LTD,Israel
US2254471012,CREE INCORPORATED,United States
NO0010112675,REC SILICON ASA,United States
KR7000660001,SK HYNIX INCORPORATION,South Korea
TW0002408002,NANYA TECHNOLOGY CORP,Taiwan
TW0002392008,CHENG UEI PRECISION INDUSTRY COMPANY LIMITED,Taiwan
KYG8020E1199,SEMICONDUCTOR MANUFACTURING INTERNATIONAL CORPORATION,China
GB0008711763,TT ELECTRONICS PLC,United Kingdom
AT0000A18XM4,AMS AG,Austria
JP3932000007,YASKAWA ELECTRIC CORPORATION,Japan
ZAE000071676,NAMPAK LTD,South Africa
US5339001068,LINCOLN ELECTRIC HOLDINGS INCORPORATED,United States
US29355X1072,"ENPRO INDUSTRIES, INC.",United States
IE00B6330302,INGERSOLL-RAND PLC,United States
CH0003671440,RIETER HOLDING AG,Switzerland
FI4000074984,VALMET OYJ,Finland
JP3900000005,MITSUBISHI HEAVY INDUSTRIES LIMITED,Japan
JP3305800009,KOMORI CORPORATION,Japan
INE323A01026,BOSCH LIMITED,India
TW0001525004,KIAN SHEN CORPORATION,Taiwan
INE257A01026,BHARAT HEAVY ELECTRICALS LIMITED,India
JP3912700006,MUSASHI SEIMITSU INDUSTRY CO LTD,Japan
JP3277230003,KEIHIN CORPORATION,Japan
DE0007856023,ELRINGKLINGER AG,Germany
JE00BD85SC56,DELPHI TECHNOLOGIES PLC,United Kingdom
TW0001533008,MOBILETRON ELECTRONICS COMPANY LIMITED,Taiwan
KYG3690U1058,FULLSHARE HOLDINGS LTD,Hong Kong
BMG570071099,LUYE PHARMA GROUP LIMITED,China
GB0000946276,CONSORT MEDICAL PLC,United Kingdom
HK0000056256,CHINA TRADITIONAL CHINESE MEDICINE HOLDINGS CO LTD,Hong Kong
JP3256000005,KYOWA HAKKO KIRIN COMPANY LIMITED,Japan
SE0005757267,RECIPHARM AB (PUBL),Sweden
NL0011031208,MYLAN NV,United States
US92214X1063,VAREX IMAGING CORP,United States
KYG8167W1380,SINO BIOPHARMACEUTICAL LIMITED,Hong Kong
GB00BD3VFW73,CONVATEC GROUP PLC,United Kingdom
JP3495000006,SUMITOMO DAINIPPON PHARMA CO LTD,Japan
JP3706800004,NIHON KOHDEN CORPORATION,Japan
KYG5636C1078,LONKING HOLDINGS LIMITED,China
INE208A01029,ASHOK LEYLAND LIMITED,India
JP3942800008,YAMAHA MOTOR CO LTD,Japan
DE0005937007,MAN SE,Germany
NL0010877643,FIAT CHRYSLER AUTOMOBILES NV,United Kingdom
JP3787000003,HITACHI CONSTRUCTION MACHINERY CO LTD,Japan
JP3304200003,KOMATSU LIMITED,Japan
KR7000270009,KIA MOTORS CORPORATION,South Korea
TW0006116007,HANNSTAR DISPLAY CORP,Taiwan
TW0002354008,FOXCONN TECHNOLOGY COMPANY LIMITED,Taiwan
US7291321005,PLEXUS CORPORATION,United States
TW0001605004,WALSIN LIHWA CORP,Taiwan
US00738A1060,"ADTRAN, INC.",United States
INE573A01042,JK TYRE & INDUSTRIES LTD.,India
JP3955800002,YOKOHAMA RUBBER CO LTD,Japan
JP3905200006,MIZUNO CORPORATION,Japan
IT0004764699,BRUNELLO CUCINELLI SPA,Italy
ID1000074008,HANJAYA MANDALA SAMPOERNA TBK PT,Indonesia
US00773T1016,ADVANSIX INC,United States
TW0004725007,TAIWAN PROSPERITY CHEMICAL CORPORATION,Taiwan
CA59151K1084,METHANEX CORPORATION,Canada
TW0001308005,ASIA POLYMER CORPORATION,Taiwan
KR7011170008,LOTTE CHEMICAL CORP,South Korea
AU000000PDN8,PALADIN ENERGY LTD,Australia
US0138721065,ALCOA CORP,United States
CA16890P1036,CHINA GOLD INTERNATIONAL RESOURCES CORP LTD,Canada
CA98462Y1007,YAMANA GOLD INCORPORATED,Canada
CA0084741085,AGNICO-EAGLE MINES LTD,Canada
BRJSLGACNOR2,JSL SA,Brazil
US7835491082,"RYDER SYSTEM, INC.",United States
IT0003201198,SIAS,Italy
US00081T1088,ACCO BRANDS CORPORATION,United States
US4485791028,HYATT HOTELS CORPORATION,United States
CA89351T4019,TRANSAT AT INC,Canada
US98850P1093,YUM CHINA HOLDINGS INC,China
GB0005622542,MILLENNIUM & COPTHORNE HOTELS PLC,United Kingdom
BMG8063F1068,SHANGRI-LA ASIA LIMITED,Hong Kong
SE0002683557,LOOMIS AB,Sweden
GB00B0HZP136,GREENE KING PLC,United Kingdom
BMG578481068,MANDARIN ORIENTAL INTERNATIONAL LTD,Hong Kong
JP3750500005,MCDONALD'S HOLDINGS COMPANY JAPAN LTD,Japan
JP3421800008,SECOM CO LTD,Japan
FR0011950732,ELIOR GROUP SA,France
SE0000936478,INTRUM AB,Sweden
ID1000062201,INDAH KIAT PULP AND PAPER TBK PT,Indonesia
KYG5427W1309,LEE & MAN PAPER MANUFACTURING LIMITED,Hong Kong
TW0001904001,CHENG LOONG CORPORATION,Taiwan
TW0001907004,YFY INC,Taiwan
TW0002634003,AEROSPACE INDUSTRIAL DEVELOPMENT CORP,Taiwan
IT0003856405,LEONARDO SPA,Italy
ZAE000005153,OMNIA HOLDINGS LIMITED,South Africa
INE669E01016,VODAFONE IDEA LTD,India
CNE000001CS2,CHINA UNITED NETWORK COMMUNICATIONS LIMITED,China
TW0002412004,CHUNGHWA TELECOM COMPANY LIMITED,Taiwan
HK0000049939,CHINA UNICOM (HONG KONG) LIMITED,Hong Kong
US91822M1062,VEON LTD - ADR,Netherlands
US85207U1051,SPRINT CORP,United States
BRVIVTACNPR7,TELEFONICA BRASIL SA,Brazil
BRTIMPACNOR1,TIM PARTICIPACOES SA,Brazil
FR0004035913,ILIAD SA,France
FO0000000179,BAKKAFROST P/F,Faeroe Island
CH0009002962,BARRY CALLEBAUT AG,Switzerland
JP3676800000,NISSHIN SEIFUN GROUP INCORPORATED,Japan
CA5649051078,MAPLE LEAF FOODS INC,Canada
GB0002318888,CRANSWICK PLC,United Kingdom
JP3244800003,KEWPIE CORP,Japan
KR7017810003,PULMUONE CO LTD,South Korea
CH0012829898,EMMI AG,Switzerland
CNE100001F60,HUADIAN FUXIN ENERGY CORPORATION LIMITED,China
GB00B1VNSX38,DRAX GROUP PLC,United Kingdom
PHY2518H1143,FIRST GEN CORPORATION,Philippines
BRCPREACNOR5,CPFL ENERGIAS RENOVAVEIS SA,Brazil
CA3495531079,FORTIS INC.,Canada
US4198701009,HAWAIIAN ELECTRIC INDUSTRIES INCORPORATION,United States
PLTAURN00011,TAURON POLSKA ENERGIA SA,Poland
NL0011333752,ALTICE EUROPE NV,Netherlands
IT0003126783,CEMENTIR HOLDING S.P.A.,Italy
ZAE000146932,ASSORE LIMITED,South Africa
RU0007252813,AK ALROSA PAO,Russia
JP3402600005,SUMITOMO METAL MINING CO LTD,Japan
JP3888400003,MITSUI MINING & SMELTING CO LTD,Japan
GB00B2QPKJ12,FRESNILLO PLC,Mexico
AU000000IGO4,INDEPENDENCE GROUP NL,Australia
TRACIMSA91F9,CIMSA CIMENTO SANAYI VE TICARET A.S.,Turkey
KYG8190L1095,SINO HORIZON HOLDINGS LTD,Taiwan
PHY8076N1120,"SM PRIME HOLDINGS, INC.",Philippines
US1474481041,CASELLA WASTE SYSTEMS INC,United States
FR0000053399,CONSTRUCTIONS INDUSTRIELLES MEDITERRANEE SA,France
INE813A01018,MAHINDRA LIFESPACE DEVELOPERS LIMITED,India
BRMULTACNOR5,MULTIPLAN EMPREENDIMENTOS IMOBILIARIOS S.A.,Brazil
BMG4069C1486,GREAT EAGLE HOLDINGS LIMITED,Hong Kong
HK0017000149,NEW WORLD DEVELOPMENT CO LIMITED,Hong Kong
LU0775917882,GRAND CITY PROPERTIES SA,Luxembourg
SE0000191827,ATRIUM LJUNGBERG AB,Sweden
DE0007480204,DEUTSCHE EUROSHOP AG,Germany
CH0008837566,ALLREAL HOLDING AG,Switzerland
KYG811511131,SHUI ON LAND LIMITED,China
SE0007126115,HEMFOSA FASTIGHETER AB,Sweden
JP3569200003,TOKYU FUDOSAN HOLDINGS CORP,Japan
NO0005668905,TOMRA SYSTEMS AS,Norway
HK0034000254,KOWLOON DEVELOPMENT COMPANY LIMITED,Hong Kong
HK0604011236,SHENZHEN INVESTMENT LIMITED,Hong Kong
HK0123000694,YUEXIU PROPERTY CO LTD,Hong Kong
SE0011166974,FABEGE AB,Sweden
JP3486800000,DAITO TRUST CONSTRUCTION COMPANY LIMITED,Japan
GB0007291015,ST. MODWEN PROPERTIES PLC,United Kingdom
MYL3182OO002,GENTING BERHAD,Malaysia
ZAE000097580,SUN INTERNATIONAL LIMITED,South Africa
KYG573611004,MACAU LEGEND DEVELOPMENT LIMITED,Macau
US1276861036,CAESARS ENTERTAINMENT CORP,United States
US5854641009,MELCO CROWN ENTERTAINMENT LIMITED,Hong Kong
HK0200030994,MELCO INTERNATIONAL DEVELOPMENT LTD.,Hong Kong
GB00BDZT6P94,MERLIN ENTERTAINMENTS PLC,United Kingdom
NZSKCE0001S2,SKY CITY ENTERTAINMENT GROUP LIMITED,New Zealand
FR0010918292,TECHNICOLOR SA,France
JP3933800009,YAHOO JAPAN CORPORATION,Japan
SE0012455525,NETENT AB (PUBL),Sweden
SE0012454379,BETSSON AB,Sweden
GB00BVYVFW23,AUTO TRADER GROUP PLC,United Kingdom
GB0008025412,SIG PLC,United Kingdom
TW0004152004,TAIWAN LIPOSOME CO LIMITED,Taiwan
CH0014284498,SIEGFRIED HOLDING AG,Switzerland
KYG837851081,SPRINGLAND INTERNATIONAL HOLDINGS LTD,China
PTSON0AM0001,SONAE-SGSP SA,Portugal
BMG3978C1249,GOME RETAIL HOLDINGS LTD,China
US6762201068,"OFFICE DEPOT, INC.",United States
BMG812761002,SIGNET JEWELERS LIMITED,United States
DE0007257503,CECONOMY AG,Germany
CH0242214887,FENIX OUTDOOR INTERNATIONAL AG,Switzerland
TW0003702007,WPG HOLDINGS LIMITED,Taiwan
HK1828040670,DAH CHONG HONG HOLDINGS LTD,Hong Kong
GB00B17WCR61,CONNECT GROUP PLC,United Kingdom
JP3172500005,AUTOBACS SEVEN CO LIMITED,Japan
ZAE000072328,GRINDROD LIMITED,South Africa
BMG454221059,HOEGH LNG HOLDINGS LTD,Norway
SG1Q75923504,OLAM INTERNATIONAL LIMITED,Singapore
ES0115056139,BOLSAS Y MERCADOS ESPANOLES SHMSF SA,Spain
MYL4197OO009,SIME DARBY BERHAD,Malaysia
ZAE000191342,ALLIED ELECTRONICS CORPORATION LIMITED,South Africa
BRGOLLACNPR4,GOL LINHAS AEREAS INTELIGENTES S.A.,Brazil
CNE100000221,BEIJING CAPITAL INTERNATIONAL AIRPORT COMPANY LTD,China
CNE0000016J9,WANHUA CHEMICAL GROUP CO LTD,China
AU000000AHY8,ASALEO CARE LTD,Australia
TW0001773000,SHINY CHEMICAL INDUSTRIAL COMPANY LIMITED,Taiwan
BRSAPRACNPR6,SANEPAR,Brazil
US03836W1036,AQUA AMERICA INC,United States
BMG3922B1072,GENPACT LIMITED,United States
JP3762800005,NOMURA RESEARCH INSTITUTE LIMITED,Japan
FR0000034639,ALTRAN TECHNOLOGIES,France
GB00BV9FP302,COMPUTACENTER PLC,United Kingdom
ES0105200416,ABENGOA SOCIEDAD ANONIMA,Spain
PEP736581005,GRANA  Y MONTERO SAA,Peru
IL0010819428,SHIKUN & BINUI LIMITED,Israel
ZAE000073441,MURRAY & ROBERTS HOLDINGS LTD,South Africa
CA1348082035,CANACOL ENERGY LIMITED,Canada
CA89156V1067,TOURMALINE OIL CORP,Canada
US26884L1098,EQT CORPORATION,United States
CA4530384086,IMPERIAL OIL LTD,Canada
FR0000120354,VALLOUREC,France
CA81783Q1054,SEVEN GENERATIONS ENERGY LTD,Canada
CA35905B1076,FRONTERA ENERGY CORP,Colombia
GB00B74CDH82,CAIRN ENERGY PLC,United Kingdom
AU000000SXY7,SENEX ENERGY LIMITED,Australia
US1844991018,CLEAN ENERGY FUELS CORP.,United States
US1053682035,BRANDYWINE REALTY TRUST,United States
GB00BF4HYT85,BGEO GROUP PLC,Georgia
US40414L1098,"HCP, INC.",United States
JP3027680002,JAPAN REAL ESTATE INVESTMENT CORP,Japan
MXCFDA020005,CONCENTRADORA FIBRA DANHOS SA DE CV,Mexico
CNE100001QS1,CHINA CINDA ASSET MANAGEMENT CO LTD,China
INE040A01026,HDFC BANK LIMITED,India
AU000000GMG2,GOODMAN GROUP,Australia
GB00B4WFW713,LONDONMETRIC PROPERTY PLC,United Kingdom
NZCPTE0001S9,GOODMAN PROPERTY TRUST,New Zealand
CZ0008040318,MONETA MONEY BANK AS,Czech Republic
GRS014003024,BANK OF PIRAEUS S.A.,Greece
KR7006800007,MIRAE ASSET DAEWOO CO LTD,South Korea
CH0015251710,BANQUE CANTONALE VAUDOISE,Switzerland
GB00B128J450,IP GROUP PLC,United Kingdom
AU000000GMA5,GENWORTH MORTGAGE INSURANCE AUSTRALIA LTD,Australia
IE0002325243,IFG GROUP PLC,Ireland
ZAE000145892,LIFE HEALTHCARE GROUP HOLDINGS LIMITED,South Africa
CNE100002342,CHINA REINSURANCE GROUP CORP,China
ZAE000127148,LIBERTY HOLDINGS LIMITED,South Africa
GB00BYRJH519,HASTINGS GROUP HLDG PLC,United Kingdom
JP3320800000,SAPPORO HOLDINGS LIMITED,Japan
JP3143000002,"ITO EN, LTD.",Japan
TW0006173008,"PROSPERITY DIELECTRICS CO., LTD.",Taiwan
TW0008046004,NAN YA PRINTED CIRCUIT BOARD CORPORATION,Taiwan
TW0006244007,MOTECH INDUSTRIES INC,Taiwan
TW0003576005,UNITED RENEWABLE ENERGY CO LTD,Taiwan
KYG0535Q1331,ASM PACIFIC TECHNOLOGY LTD.,Hong Kong
TW0002327004,YAGEO CORPORATION,Taiwan
US29362U1043,"ENTEGRIS, INC.",United States
TW0003504007,YOUNG OPTICS INC.,Taiwan
TW0008039009,"TAIFLEX SCIENTIFIC CO., LTD.",Taiwan
US12709P1030,CABOT MICROELECTRONICS CORPORATION,United States
JP3292200007,JTEKT CORPORATION,Japan
JP3592600005,TOSHIBA MACHINE CO LTD,Japan
JP3497400006,DAIFUKU COMPANY LIMITED,Japan
JP3539250005,"THK CO., LTD.",Japan
INE117A01022,ABB INDIA LTD,India
US92839U2069,VISTEON CORPORATION,United States
TW0001536001,"HOTA INDUSTRIAL MFG CO., LTD.",Taiwan
HRADPLRA0006,AD PLASTIK DD,Croatia
IT0000080447,CIR COMPAGNIE INDUSTRIALI RIUNITE SPA,Italy
KR7034020008,DOOSAN HEAVY INDUSTRIES CONSTRUCTION CO LTD,South Korea
TW0001701001,CHINA CHEMICAL AND PHARMACEUTICAL COMPANY LIMITED,Taiwan
HK0000311099,CHINA RESOURCES PHARMACEUTICAL GROUP LTD,China
BRHYPEACNOR0,HYPERA SA,Brazil
BMG6955J1036,PAX GLOBAL TECHNOLOGY LTD,Hong Kong
JP3792600003,HINO MOTORS LTD,Japan
JP3891600003,MITSUI E&S HOLDINGS CO LTD,Japan
TW0002349008,RITEK CORPORATION,Taiwan
TW0003017000,ASIA VITAL COMPONENTS,Taiwan
CNE100001ZT0,LEGEND HOLDINGS CORP,China
TW0002395001,ADVANTECH CO LTD,Taiwan
TW0002498003,HTC CORPORATION,Taiwan
TW0002474004,CATCHER TECHNOLOGY COMPANY,Taiwan
TW0002362001,CLEVO COMPANY,Taiwan
KYG3472Y1017,FIH MOBILE LTD,China
US64111Q1040,"NETGEAR, INC.",United States
KYG0100G1064,ADVANCED LITHIUM ELECTROCHEMISTRY(KY)CO LTD,Taiwan
US86771W1053,SUNRUN INC,United States
JP3811000003,FUJIKURA LTD,Japan
US45667G1031,INFINERA CORPORATION,United States
KR7004700001,CHOKWANG LEATHER COMPANY LIMITED,South Korea
JP3275200008,GUNZE LTD,Japan
TW0001301000,FORMOSA PLASTICS CORPORATION,Taiwan
TW0001312007,GRAND PACIFIC PETROCHEMICAL CORPORATION,Taiwan
JP3560800009,TOKAI CARBON CO LTD,Japan
JP3114800000,ADEKA CORPORATION,Japan
GB00B0744359,ESSENTRA PLC,United Kingdom
MX01ME050007,MEXICHEM SAB DE CV,Mexico
ZAE000173951,SIBANYE GOLD LTD,South Africa
CA1520061021,CENTERRA GOLD INC.,Canada
CA8910546032,TOREX GOLD RESOURCES INCORPORATION,Canada
CA6752221037,OCEANAGOLD CORP,Australia
MX01AL1C0003,ALEATICA SAB DE CV,Mexico
DE000TUAG000,TUI AG,Germany
US4989042001,"KNOLL, INC.",United States
US6005441000,"HERMAN MILLER, INC.",United States
SE0000862997,BILLERUDKORSNAS AB (PUBL),Sweden
US1567001060,"CENTURYLINK, INCORPORATION",United States
GB00B09LSH68,INMARSAT PLC,United Kingdom
HU0000073507,MAGYAR TELEKOM TELECOMMUNICATIONS PUBLIC LIMITED COMPANY,Hungary
RU000A0DQZE3,AFK SISTEMA PAO,Russia
KYG210961051,CHINA MENGNIU DAIRY COMPANY LIMITED,Hong Kong
KYG960071028,WH GROUP LTD,Hong Kong
CLP3615W1037,COLBUN SA,Chile
AU000000IFN8,INFIGEN ENERGY,Australia
US6680743050,NORTHWESTERN CORPORATION,United States
US6896481032,OTTER TAIL CORPORATION,United States
IT0001469383,ARNOLDO MONDADORI EDITORE SPA,Italy
AU000000ORE0,OROCOBRE LIMITED,Australia
TW0001102002,ASIA CEMENT CORP,Taiwan
HK1208013172,MMG LTD,Australia
HK0257001336,CHINA EVERBRIGHT INTERNATIONAL LIMITED,Hong Kong
DE0008303504,TAG IMMOBILIEN AG,Germany
BMG2108M2182,CHINESE ESTATES HOLDINGS LTD,Hong Kong
MYL5249OO007,IOI PROPERTIES GROUP BHD,Malaysia
CA31943B1004,FIRST CAPITAL REALTY INCORPORATED,Canada
KYG245241032,COUNTRY GARDEN HOLDINGS COMPANY LTD,China
GB00B0FYMT95,HELICAL PLC,United Kingdom
CNE100000569,GUANGZHOU R&F PROPERTIES CO LTD,China
US0009571003,ABM INDUSTRIES INCORPORATED,United States
KYG4100M1050,GREENTOWN CHINA HOLDINGS LIMITED,China
HK0027032686,GALAXY ENTERTAINMENT GROUP LIMITED,Hong Kong
FR0012938884,SOLOCAL GROUP SA,France
AU000000SVW5,SEVEN GROUP HOLDINGS LIMITED,Australia
JP3143600009,ITOCHU CORPORATION,Japan
IE00B56GVS15,ALKERMES PLC,Ireland
KYG3825B1059,GENSCRIPT BIOTECH CORP,China
ES0126775032,DISTRIBUIDORA INTERNACIONAL DE ALIMENTACION SA,Spain
US7081601061,J C PENNEY COMPANY INC,United States
US0028962076,ABERCROMBIE & FITCH CO,United States
JP3456000003,"TAKASHIMAYA CO., LTD",Japan
BMG4404N1065,HENGTEN NETWORKS GROUP LTD,China
ZAE000015889,NASPERS LIMITED,South Africa
JP3802300008,FAST RETAILING CO LTD,Japan
JP3774200004,HANKYU HANSHIN HOLDINGS INC,Japan
CA8849037095,THOMSON REUTERS CORP,Canada
BRPSSAACNOR7,PORTO SEGURO SA,Brazil
GB0004161021,HAYS PLC,United Kingdom
GB00B0KM9T71,STHREE PLC,United Kingdom
LK0092N00003,JOHN KEELLS HOLDINGS LIMITED,Sri Lanka
KR7028260008,SAMSUNG C&T CORP,South Korea
DE0005773303,FRAPORT AG FRANKFURT AIRPORT SERVICES WORLDWIDE,Germany
DK0010201102,KOEBENHAVNS LUFTHAVNE AS,Denmark
TW0001711000,EVERLIGHT CHEMICAL INDUSTRIAL CORPORATION,Taiwan
KR7004430005,SONGWON INDUSTRIAL COMPANY LIMITED,South Korea
GB0005746358,MCBRIDE PLC,United Kingdom
CA09228F1036,BLACKBERRY LIMITED,Canada
FR0000050809,SOPRA STERIA GROUP,France
INE860A01027,HCL TECHNOLOGIES LIMITED,India
NL0000337319,KONINKLIJKE BAM GROEP NV,Netherlands
CA78460T1057,SNC-LAVALIN GROUP INC,Canada
AU000000OZL8,OZ MINERALS LIMITED,Australia
PLKGHM000017,KGHM POLSKA MIEDZ S.A.,Poland
CA69946Q1046,PAREX RESOURCES INCORPORATION,Canada
JP3294460005,INPEX CORPORATION,Japan
FR0013181864,CGG SA,France
TW0006505001,FORMOSA PETROCHEMICAL CORPORATION,Taiwan
GRS298343005,HELLENIC PETROLEUM S.A.,Greece
KR7010950004,S-OIL CORPORATION,South Korea
US8766641034,TAUBMAN CENTERS INC,United States
US5543821012,MACERICH CO,United States
ES0139140174,INMOBILIARIA COLONIAL SOCIMI SA,Spain
US49427F1084,KILROY REALTY CORPORATION,United States
LK0090N00007,SAMPATH BANK PLC,Sri Lanka
SG1S03926213,MAPLETREE LOGISTICS TRUST MANAGEMENT LIMITED,Singapore
INE092T01019,IDFC FIRST BANK LTD,India
AU000000AEF4,AUSTRALIAN ETHICAL INVESTMENT LTD,Australia
JE00BYPZJM29,JANUS HENDERSON GROUP PLC,United Kingdom
GB00BYT1DJ19,INTERMEDIATE CAPITAL GROUP PLC,United Kingdom
US1124631045,BROOKDALE SENIOR LIVING INC.,United States
ZAE000093779,SANTAM LIMITED,South Africa
KR7032830002,SAMSUNG LIFE INSURANCE COMPANY LIMITED,South Korea
TW0002015005,FENG HSIN IRON & STEEL COMPANY LIMITED,Taiwan
GB00B6XZKY75,A.G. BARR P.L.C.,United Kingdom
CA1366351098,CANADIAN SOLAR INC,Canada
JP3771800004,HAMAMATSU PHOTONICS KK,Japan
DE0006305006,DEUTZ AKTIENGESELLSCHAFT,Germany
US05350V1061,AVANOS MEDICAL INC,United States
GB0007323586,RENISHAW PLC,United Kingdom
GB0003308607,SPECTRIS PLC,United Kingdom
INE494B01023,TVS MOTOR COMPANY LIMITED,India
TRAOTOSN91H6,FORD OTOMOTIV SANAYI A.S.,Turkey
ES0121975009,"CONSTRUCCIONES Y AUXILIAR DE FERROCARRILES, S.A.",Spain
TRAARCLK91H5,ARCELIK AS,Turkey
US2536511031,DIEBOLD NIXDORF INC,United States
TW0002353000,ACER INC,Taiwan
DE000LED4000,OSRAM LICHT AG,Germany
TW0002105004,CHENG SHIN RUBBER INDUSTRIES COMPANY LIMITED,Taiwan
TRAAKSAW91E1,AKSA AKRILIK KIMYA SANAYII A.S.,Turkey
INE192B01031,WELSPUN INDIA LIMITED,India
TW0001326007,FORMOSA CHEMICALS & FIBRE CORPORATION,Taiwan
TW0001710002,ORIENTAL UNION CHEMICAL CORPORATION,Taiwan
NL0010489522,CONSTELLIUM NV,France
MX01PA0B0014,BIO PAPPEL SAB DE CV,Mexico
PK0003101018,ICI PAKISTAN LIMITED,Pakistan
QA000A0Q5NE9,VODAFONE QATAR PQSC,Qatar
CH0267291224,SUNRISE COMMUNICATIONS GROUP AG,Switzerland
DE0005545503,1&1 DRILLISCH AG,Germany
COT04PA00028,GRUPO NUTRESA SA,Colombia
US55277P1049,"MGE ENERGY, INC.",United States
NZCENE0001S6,CONTACT ENERGY LTD,New Zealand
AU000000CSR5,CSR LIMITED,Australia
HK0247001271,TSIM SHA TSUI PROPERTIES LTD,Hong Kong
US81282V1008,SEAWORLD ENTERTAINMENT INC,United States
US36467W1099,GAMESTOP CORPORATION,United States
GB00BKX5CN86,JUST EAT PLC,United Kingdom
US0538071038,"AVNET, INC.",United States
BE0974259880,D'IETEREN S.A,Belgium
GB00B17MMZ46,LOOKERS PLC,United Kingdom
INE347G01014,PETRONET LNG LTD,India
CA85472N1096,STANTEC INCORPORATED,Canada
CH0466642201,HELVETIA HOLDING AG,Switzerland
MX01VO000009,CONTROLADORA VUELA COMPANIA DE AVIACION SA DE CV,Mexico
ES0122060314,FOMENTO DE CONSTRUCCIONES Y CONTRATAS SA,Spain
KR7011160009,DOOSAN ENGINEERING & CONSTRUCTION COMPANY LIMITED,South Korea
KR7028050003,SAMSUNG ENGINEERING CO.,South Korea
GB0030181522,TRIBAL GROUP PLC,United Kingdom
NO0003921009,DNO ASA,Norway
ZAE000177218,ATTACQ,South Africa
JP3769000005,HACHIJUNI BANK LTD,Japan
KR7005940002,NH INVESTMENT & SECURITIES CO LTD,South Korea
KR7016360000,SAMSUNG SECURITIES CO LTD,South Korea
CH0001347498,EDMOND DE ROTHSCHILD SUISSE SA,Switzerland
BRBBDCACNPR8,BANCO BRADESCO S.A.,Brazil
AU000000BWP3,BWP TRUST,Australia
SE0012454072,AVANZA BANK HOLDING AB,Sweden
CA7800871021,ROYAL BANK OF CANADA,Canada
JP3165000005,SOMPO HOLDINGS INC,Japan
GB00BYQ0JC66,BEAZLEY PLC,United Kingdom
IE00B010DT83,C&C GROUP PUBLIC LIMITED COMPANY,Ireland
TW0006182009,WAFER WORKS CORP.,Taiwan
ES0143416115,SIEMENS GAMESA RENEWABLE ENERGY SA,Spain
DE0006757008,AUDI AG,Germany
JP3778630008,BANDAI NAMCO HOLDINGS INC,Japan
INE092A01019,TATA CHEMICALS LIMITED,India
CNE1000015M3,LOMON BILLIONS GROUP CO LTD,China
KR7011780004,KUMHO PETRO CHEMICAL CO LTD,South Korea
KR7009830001,HANWHA CHEMICAL,South Korea
AU000000WHC8,WHITEHAVEN COAL LTD,Australia
TW0002712007,FAR GLORY HOTEL CO LTD,Taiwan
DE0005909006,BILFINGER SE,Germany
US2655041000,DUNKIN BRANDS GROUP INC,United States
US03965L1008,ARCONIC INC,United States
TW0001902005,TAIWAN PULP & PAPER CORPORATION,Taiwan
JP3753400005,NOF CORPORATION,Japan
LK0348N00009,DIALOG AXIATA PUBLIC LIMITED COMPANY,Sri Lanka
BRSMTOACNOR3,SAO MARTINHO SA,Brazil
ZAE000118279,PIONEER FOOD GROUP LIMITED,South Africa
ZAE000071080,TIGER BRANDS LTD,South Africa
MX01LA040003,GRUPO LALA SAB DE CV,Mexico
GB00BLP5YB54,ATLANTICA YIELD PLC,Spain
ES0125220311,ACCIONA SA,Spain
US05379B1070,AVISTA CORPORATION,United States
KR7183190008,ASIA CEMENT CO LTD,South Korea
ZAE000013181,ANGLO AMERICAN PLATINUM LTD,South Africa
US20451N1019,COMPASS MINERALS INTERNATIONAL INC,United States
MX01MF010000,MINERA FRISCO SAB DE CV,Mexico
JP3601800000,TOHO TITANIUM CO LTD,Japan
TW0008341009,SUNNY FRIEND ENVIRONMENTAL TECHNOLOGY CO LTD,Taiwan
PHY1231D1038,CEBU PROPERTY VENTURES & DEVELOPMENT CORPORATION,Philippines
AU0000027484,ARDENT LEISURE GROUP LTD,Australia
AU000000WOW2,WOOLWORTHS GROUP LTD,Australia
GB0030927254,ASOS PLC,United Kingdom
JP3388200002,AEON COMPANY LIMITED,Japan
JP3970300004,RECRUIT HOLDINGS CO LTD,Japan
US44925C1036,"ICF INTERNATIONAL, INC.",United States
GB0008475088,ROBERT WALTERS PLC,United Kingdom
 JP3429800000 ,ANA HOLDINGS INC,Japan
NL0010583399,CORBION NV,Netherlands
PHY569991086,MANILA WATER COMPANY INCORPORATION,Philippines
 BMG3922B1072 ,GENPACT LIMITED,United States
US0185811082,ALLIANCE DATA SYSTEMS CORPORATION,United States
 GB00BBG9VN75 ,AVEVA GROUP PLC,United Kingdom
INE549A01026,HINDUSTAN CONSTRUCTION COMPANY LTD,India
ZAE000009932,WILSON BAYLY HOLMES - OVCON LIMITED,South Africa
GB00B3Y2J508,GALLIFORD TRY PLC,United Kingdom
JP3305530002,COMSYS HOLDINGS CORPORATION,Japan
US12653C1080,CNX RESOURCES CORP,United States
MYL5681OO001,PETRONAS DAGANGAN BERHAD,Malaysia
CA26154A1066,DREAM GLOBAL REAL ESTATE INVESTMENT TRUST,Canada
CA26153P1045,DREAM OFFICE REAL ESTATE INVESTMENT TRUST,Canada
 GB00B1N7Z094 ,SAFESTORE HOLDINGS PLC,United Kingdom
 GB0002869419 ,BIG YELLOW GROUP PLC,United Kingdom
 NZKPGE0001S9 ,KIWI PROPERTY GROUP LTD,New Zealand
 GB00B06QFB75 ,IG GROUP HOLDINGS PLC,United Kingdom
 GB0002148343 ,RATHBONE BROTHERS PLC,United Kingdom
GB00B8HX8Z88,MEDICLINIC INTERNATIONAL PLC,South Africa
GB00B5BT0K07,AON PLC,United Kingdom
JP3539220008,T&D HOLDINGS INCORPORATED,Japan
JP3381000003,NIPPON STEEL CORP,Japan
 US60871R2094 ,MOLSON COORS BREWING COMPANY,United States
 TW0006147002 ,CHIPBOND TECHNOLOGY CORP,Taiwan
JP3580200008,TOKYO SEIMITSU CO LTD,Japan
DE000A0WMPJ6,AIXTRON SE,Germany
TW0003416004,WINMATE INC,Taiwan
US6907684038,OWENS-ILLINOIS INCORPORATED,United States
 GB00B3FLWH99 ,BODYCOTE PLC,United Kingdom
 SE0000667891 ,SANDVIK AB,Sweden
TW0004526009,TONGTAI MACHINE & TOOL CO LTD,Taiwan
NL0011375019,STEINHOFF INTERNATIONAL HOLDINGS NV,South Africa
JP3827600002,FURUKAWA BATTERY COMPANY LIMITED (THE),Japan
 JP3738600000 ,NGK SPARK PLUG CO LTD,Japan
 DE0007856023 ,ELRINGKLINGER AG,Germany
 JP3635400009 ,TOYOTA BOSHOKU CORPORATION,Japan
 GB0000946276 ,CONSORT MEDICAL PLC,United Kingdom
INE101A01026,MAHINDRA & MAHINDRA LIMITED,India
JP3814000000,FUJIFILM HOLDINGS CORPORATION,Japan
 JP3733000008 ,NEC CORPORATION,Japan
 CA3759161035 ,GILDAN ACTIVEWEAR INC.,Canada
IT0003874101,PRADA S.P.A.,Italy
INE585A01020,NATIONAL PEROXIDE LIMITED,India
 TW0001314003 ,CHINA PETROCHEMICAL DEVELOPMENT CORPORATION,Taiwan
MYL5183OO008,PETRONAS CHEMICALS GROUP BHD,Malaysia
TW0001718005,CHINA MAN MADE FIBER CORPORATION,Taiwan
TH1027010004,INDORAMA VENTURES PCL,Thailand
TH1074010006,PTT GLOBAL CHEMICAL PUBLIC COMPANY LIMITED,Thailand
 JP3621000003 ,"TORAY INDUSTRIES, INC.",Japan
TH0148A10Z06,BANPU PCL,Thailand
CA2506691088,DETOUR GOLD CORPORATION,Canada
 TW0002633005 ,TAIWAN HIGH SPEED RAIL CORPORATION,Taiwan
 IT0003506190 ,ATLANTIA SPA,Italy
 BMG1744V1037 ,CAFE DE CORAL HOLDINGS LTD.,Hong Kong
 GB00B1KJJ408 ,WHITBREAD PLC,United Kingdom
 GB0009697037 ,BABCOCK INTERNATIONAL GROUP PLC,United Kingdom
 GB00BYN59130 ,DOMINO'S PIZZA GROUP PLC,United Kingdom
 FI0009005987 ,UPM-KYMMENE OYJ,Finland
 US2575592033 ,DOMTAR CORPORATION,United States
JP3493800001,DAI NIPPON PRINTING COMPANY LIMITED,Japan
OM0000003026,OMAN TELECOMMUNICATIONS COMPANY SAOG,Oman
SI0031104290,TELEKOM SLOVENIJE DD,Slovenia
 ES0112501012 ,EBRO FOODS SA,Spain
 TW0001216000 ,UNI PRESIDENT ENTERPRISES CORPORATION,Taiwan
TW0001210003,GREATWALL ENTEPRISE COMPANY LIMITED,Taiwan
TH0834010009,GLOW ENERGY PUBLIC COMPANY LIMITED,Thailand
PLPGER000010,PGE POLSKA GRUPA ENERGETYCZNA SA,Poland
PLENEA000013,ENEA SA,Poland
US5526901096,MDU RESOURCES GROUP INC,United States
NZMRPE0001S2,MERCURY NZ LTD,New Zealand
CH0130293662,BKW AG,Switzerland
 TW0001109007 ,HSING TA CEMENT COMPANY LIMITED,Taiwan
 DE0006047004 ,HEIDELBERGCEMENT AG,Germany
TW0009930008,CHC RESOURCES CORP,Taiwan
HK0083000502,SINO LAND CO LIMITED,Hong Kong
 SG1S83002349 ,UOL GROUP LIMITED,Singapore
 CH0008837566 ,ALLREAL HOLDING AG,Switzerland
 GRS419003009 ,GREEK ORGANISATION OF FOOTBALL PROGNOSTICS SA,Greece
 IE00B00MZ448 ,GRAFTON GROUP PLC,Ireland
US95082P1057,"WESCO INTERNATIONAL, INC.",United States
US0893021032,"BIG LOTS, INC.",United States
 FR0000125585 ,"CASINO, GUICHARD-PERRACHON ET CIE",France
 GB00B18P5K83 ,TOPPS TILES PLC,United Kingdom
 GB00B61TVQ02 ,INCHCAPE PLC,United Kingdom
 JP3243600008 ,CANON MARKETING JAPAN INC,Japan
FR0000121204,WENDEL SE,France
ZAE000117321,BIDVEST GROUP LIMITED,South Africa
CA9604105044,WESTJET AIRLINES LIMITED,Canada
AT00000VIE62,FLUGHAFEN WIEN AG,Austria
CA12532H1047,CGI INC,Canada
US04247X1028,ARMSTRONG WORLD INDUSTRIES INC,United States
MYL1651OO008,MALAYSIAN RESOURCES CORPORATION BERHAD,Malaysia
AU000000KAR6,KAROON ENERGY LTD,Australia
AU000000ORG5,ORIGIN ENERGY LIMITED,Australia
FR0000033409,SOCIETE FONCIERE LYONNAISE,France
TW0002884004,E SUN FINANCIAL HOLDING COMPANY LIMITED,Taiwan
RU0009029540,SBERBANK ROSSII PAO,Russia
JP3502200003,DAIWA SECURITIES GROUP INCORPORATED,Japan
INE043D01016,IDFC LIMITED,India
JP3890310000,"MS&AD INSURANCE GROUP HOLDINGS, INCORPORATED",Japan
GB00BGXQNP29,PHOENIX GROUP HOLDINGS PLC,United Kingdom
SE0000171100,SSAB SVENSKT STAL AKTIEBOLAGET,Sweden
TRAAEFES91A9,ANADOLU EFES BIRACILIK VE MALT SANAYII AS,Turkey
INE175A01038,JAIN IRRIGATION SYSTEMS LIMITED,India
US50060P1066,KOPPERS HOLDINGS INC.,United States
GB00B61D2N63,ACACIA MINING PLC,United Kingdom
AU000000DMP0,DOMINO'S PIZZA ENTERPRISES LIMITED,Australia
US4586653044,INTERFACE INCORPORATED,United States
SE0011090018,HOLMEN AB,Sweden
JP3629000005,TOPPAN PRINTING CO LTD,Japan
PTPTC0AM0009,PHAROL SGPS SA,Portugal
ZAE000049433,AVI LIMITED,South Africa
CA14042M1023,CAPITAL POWER CORP,Canada
IT0001207098,ACEA SPA,Italy
DE0005501357,AXEL SPRINGER AG,Germany
TW0001109007,HSING TA CEMENT COMPANY LIMITED,Taiwan
US1844961078,"CLEAN HARBORS, INC.",United States
KR7068270008,"CELLTRION, INCORPORATION",South Korea
CA4442181018,HUDSON'S BAY CO,Canada
SE0000584948,CLAS OHLSON AB,Sweden
SE0000652216,ICA GRUPPEN AB,Sweden
GB00B61TVQ02,INCHCAPE PLC,United Kingdom
KR7000880005,HANWHA CORPORATION,South Korea
SG1V61937297,SINGAPORE AIRLINES LIMITED,Singapore
US9092143067,UNISYS CORPORATION,United States
FI0009000277,TIETO OYJ,Finland
DK0010218429,BANG & OLUFSEN AS,Denmark
NL0013332471,TOMTOM N.V.,Netherlands
JP3528600004,CHIYODA CORP,Japan
CA1125851040,BROOKFIELD ASSET MANAGEMENT INCORPORATED,Canada
TH0015010000,SIAM COMMERCIAL BANK PUBLIC COMPANY LIMITED (THE),Thailand
ES0113860A34,BANCO SABADELL,Spain
KR7024110009,INDUSTRIAL BANK OF KOREA,South Korea
TW0003026001,HOLY STONE ENTERPRISE COMPANY LIMITED,Taiwan
KR7060980000,HALLA HOLDINGS CORP,South Korea
INE155A01022,TATA MOTORS LIMITED,India
AU000000IVC8,INVOCARE LTD,Australia
IL0010834849,PARTNER COMMUNICATIONS COMPANY  LIMITED,Israel
PTSNC0AM0006,SONAECOM SGPS SA,Portugal
CA04878Q8636,ATLANTIC POWER CORP,United States
PHY0005M1090,ABOITIZ POWER CORPORATION,Philippines
US6708371033,OGE ENERGY CORPORATION,United States
IT0001233417,A2A SPA,Italy
ID1000106800,SEMEN INDONESIA (PERSERO) TBK PT,Indonesia
JP3116700000,ASAHI HOLDINGS INCORPORATION,Japan
INE671H01015,SOBHA LTD,India
AU000000EHL7,EMECO HOLDINGS LTD,Australia
TW0002207008,HOTAI MOTOR CO LTD,Taiwan
US69036R8631,"OVERSEAS SHIPHOLDING GROUP, INC",United States
INE030A01027,HINDUSTAN UNILEVER LIMITED,India
JP3667600005,JGC CORPORATION,Japan
ZAE000031035,ADVTECH LIMITED,South Africa
ZAE000081949,INVESTEC LIMITED,South Africa
AU000000IAG3,INSURANCE AUSTRALIA GROUP LIMITED,Australia
KR7020150009,ILJIN MATERIALS,South Korea
FI0009005870,KONECRANES ABP,Finland
KR7012330007,HYUNDAI MOBIS,South Korea
ID1000122807,ASTRA INTERNATIONAL TBK PT,Indonesia
JP3137200006,ISUZU MOTORS LIMITED,Japan
TW0002357001,ASUSTEK COMPUTER INC.,Taiwan
US5770811025,MATTEL INC,United States
ZAE000015228,HARMONY GOLD MINING COMPANY LIMITED,South Africa
CA8169221089,SEMAFO INC,Canada
US4042511000,HNI CORPORATION,United States
JP3262000007,"KING JIM CO., LTD.",Japan
FI0009002943,RAISIO OYJ,Finland
KR7010130003,KOREA ZINC COMPANY LIMITED,South Korea
TW0009940007,SINYI REALTY INCORPORATED,Taiwan
DE000PAT1AG3,PATRIZIA AG,Germany
ES0169501030,PHARMA MAR SA,Spain
US51509F1057,"LANDS' END, INCORPORATED",United States
JP3131200002,IINO KAIUN KAISHA LIMITED,Japan
BRSULACDAM12,SUL AMERICA S.A.,Brazil
US5526761086,"M.D.C. HOLDINGS, INC.",United States
INE090A01021,ICICI BANK LIMITED,India
GB00B132NW22,ASHMORE GROUP PLC,United Kingdom
CA22163N1069,COTT CORP,United States
JP3735000006,JEOL LIMITED,Japan
DK0010287234,H. LUNDBECK A/S,Denmark
KR7033780008,KT & G CORPORATION,South Korea
IT0001250932,HERA SPA,Italy
DE0005220008,ENBW ENERGIE BADEN-WURTTEMBERG AG,Germany
INE245A01021,TATA POWER COMPANY LIMITED,India
COT09PA00035,GRUPO ARGOS SA,Colombia
AU000000PAN4,PANORAMIC RESOURCES LIMITED,Australia
GB0003096442,ELECTROCOMPONENTS PLC,United Kingdom
JP3574200006,TOKYU CORPORATION,Japan
JP3260800002,KINTETSU GROUP HOLDINGS CO LTD,Japan
